paper_id,sampling_stratum,frozen_state,verification,adjusted_state,envelope_state,reviewer_id,reviewed_at_utc,investigator_signoff
PMID:34297924,Biomedical_Basic,target_value_not_located_verbatim,confirmed,target_value_not_located_verbatim,target_value_not_located_verbatim,AI_independent_evidence_review_FOR_INVESTIGATOR_APPROVAL,2026-09-27T23:22:23.807968+00:00,
PMID:34393665,Biomedical_Basic,all_inputs_leak_target,corrected,specifiable_runnable,unresolved,AI_independent_evidence_review_FOR_INVESTIGATOR_APPROVAL,2026-09-27T23:22:23.808038+00:00,
PMID:32779509,Biomedical_Basic,external_reference_resource_required_not_served,confirmed,external_reference_resource_required_not_served,external_reference_resource_required_not_served,AI_independent_evidence_review_FOR_INVESTIGATOR_APPROVAL,2026-09-27T23:22:23.806538+00:00,
PMID:39333064,Biomedical_Basic,required_inputs_not_in_public_listing,confirmed,required_inputs_not_in_public_listing,required_inputs_not_in_public_listing,AI_independent_evidence_review_FOR_INVESTIGATOR_APPROVAL,2026-09-27T23:22:23.811643+00:00,
PMID:34927191,Biomedical_Basic,external_reference_resource_required_not_served,confirmed,external_reference_resource_required_not_served,external_reference_resource_required_not_served,AI_independent_evidence_review_FOR_INVESTIGATOR_APPROVAL,2026-09-27T23:22:23.808901+00:00,
PMID:33110091,Biomedical_Basic,external_reference_resource_required_not_served,confirmed,external_reference_resource_required_not_served,external_reference_resource_required_not_served,AI_independent_evidence_review_FOR_INVESTIGATOR_APPROVAL,2026-09-27T23:22:23.807050+00:00,
PMID:41091855,Biomedical_Basic,slots_completed,attempted_not_in_B_scope,slots_completed,slots_completed,,,
PMID:41118575,Biomedical_Basic,gate_failed_delegated,confirmed,gate_failed_delegated,gate_failed_delegated,AI_independent_evidence_review_FOR_INVESTIGATOR_APPROVAL,2026-09-27T23:22:23.812926+00:00,
PMID:35798840,Biomedical_Basic,all_inputs_leak_target,unknown,unresolved,unresolved,AI_independent_evidence_review_FOR_INVESTIGATOR_APPROVAL,2026-09-27T23:22:23.809436+00:00,
PMID:35762018,Biomedical_Basic,all_inputs_leak_target,corrected,specifiable_runnable,unresolved,AI_independent_evidence_review_FOR_INVESTIGATOR_APPROVAL,2026-09-27T23:22:23.809373+00:00,
PMID:34731224,Biomedical_Basic,slots_completed,attempted_not_in_B_scope,slots_completed,slots_completed,,,
PMID:34944547,Biomedical_Basic,gate_failed_delegated,confirmed,gate_failed_delegated,gate_failed_delegated,AI_independent_evidence_review_FOR_INVESTIGATOR_APPROVAL,2026-09-27T23:22:23.809008+00:00,
PMID:35637459,Biomedical_Basic,gate_failed_delegated,confirmed,gate_failed_delegated,gate_failed_delegated,AI_independent_evidence_review_FOR_INVESTIGATOR_APPROVAL,2026-09-27T23:22:23.809211+00:00,
PMID:34495251,Biomedical_Basic,slots_completed,attempted_not_in_B_scope,slots_completed,slots_completed,,,
PMID:41472739,Biomedical_Basic,slots_completed,attempted_not_in_B_scope,slots_completed,slots_completed,,,
PMID:36310873,Biomedical_Basic,external_reference_resource_required_not_served,confirmed,external_reference_resource_required_not_served,external_reference_resource_required_not_served,AI_independent_evidence_review_FOR_INVESTIGATOR_APPROVAL,2026-09-27T23:22:23.810221+00:00,
PMID:37540596,Biomedical_Basic,gate_failed_delegated,confirmed,gate_failed_delegated,gate_failed_delegated,AI_independent_evidence_review_FOR_INVESTIGATOR_APPROVAL,2026-09-27T23:22:23.810937+00:00,
PMID:36156134,Biomedical_Basic,required_inputs_not_in_public_listing,confirmed,required_inputs_not_in_public_listing,required_inputs_not_in_public_listing,AI_independent_evidence_review_FOR_INVESTIGATOR_APPROVAL,2026-09-27T23:22:23.809631+00:00,
PMID:33329590,Biomedical_Basic,external_reference_resource_required_not_served,confirmed,external_reference_resource_required_not_served,external_reference_resource_required_not_served,AI_independent_evidence_review_FOR_INVESTIGATOR_APPROVAL,2026-09-27T23:22:23.807313+00:00,
PMID:41104632,Biomedical_Basic,specification_not_obtained,confirmed,specification_not_obtained,specification_not_obtained,AI_independent_evidence_review_FOR_INVESTIGATOR_APPROVAL,2026-09-27T23:22:23.812770+00:00,
PMID:40956867,Biomedical_Basic,slots_completed,attempted_not_in_B_scope,slots_completed,slots_completed,,,
PMID:34624208,Biomedical_Basic,gate_failed_delegated,confirmed,gate_failed_delegated,gate_failed_delegated,AI_independent_evidence_review_FOR_INVESTIGATOR_APPROVAL,2026-09-27T23:22:23.808430+00:00,
PMID:36323312,Biomedical_Basic,required_inputs_not_in_public_listing,confirmed,required_inputs_not_in_public_listing,required_inputs_not_in_public_listing,AI_independent_evidence_review_FOR_INVESTIGATOR_APPROVAL,2026-09-27T23:22:23.810309+00:00,
PMID:40915917,Biomedical_Basic,external_reference_resource_required_not_served,confirmed,external_reference_resource_required_not_served,external_reference_resource_required_not_served,AI_independent_evidence_review_FOR_INVESTIGATOR_APPROVAL,2026-09-27T23:22:23.812739+00:00,
PMID:33073517,Biomedical_Basic,external_reference_resource_required_not_served,confirmed,external_reference_resource_required_not_served,external_reference_resource_required_not_served,AI_independent_evidence_review_FOR_INVESTIGATOR_APPROVAL,2026-09-27T23:22:23.806941+00:00,
PMID:34783304,Biomedical_Basic,all_inputs_leak_target,unknown,unresolved,unresolved,AI_independent_evidence_review_FOR_INVESTIGATOR_APPROVAL,2026-09-27T23:22:23.808680+00:00,
PMID:34253236,Biomedical_Basic,external_reference_resource_required_not_served,confirmed,external_reference_resource_required_not_served,external_reference_resource_required_not_served,AI_independent_evidence_review_FOR_INVESTIGATOR_APPROVAL,2026-09-27T23:22:23.807887+00:00,
PMID:35746789,Biomedical_Basic,required_inputs_not_in_public_listing,confirmed,required_inputs_not_in_public_listing,required_inputs_not_in_public_listing,AI_independent_evidence_review_FOR_INVESTIGATOR_APPROVAL,2026-09-27T23:22:23.809295+00:00,
PMID:39375688,Biomedical_Basic,required_inputs_not_in_public_listing,confirmed,required_inputs_not_in_public_listing,required_inputs_not_in_public_listing,AI_independent_evidence_review_FOR_INVESTIGATOR_APPROVAL,2026-09-27T23:22:23.811757+00:00,
PMID:40037544,Clinical_Medicine,external_reference_resource_required_not_served,confirmed,external_reference_resource_required_not_served,external_reference_resource_required_not_served,AI_independent_evidence_review_FOR_INVESTIGATOR_APPROVAL,2026-09-27T23:22:23.812435+00:00,
PMID:39720891,Clinical_Medicine,specification_not_obtained,confirmed,specification_not_obtained,specification_not_obtained,AI_independent_evidence_review_FOR_INVESTIGATOR_APPROVAL,2026-09-27T23:22:23.811975+00:00,
PMID:36605200,Clinical_Medicine,specification_not_obtained,confirmed,specification_not_obtained,specification_not_obtained,AI_independent_evidence_review_FOR_INVESTIGATOR_APPROVAL,2026-09-27T23:22:23.810867+00:00,
PMID:41442027,Clinical_Medicine,gate_failed_delegated,confirmed,gate_failed_delegated,gate_failed_delegated,AI_independent_evidence_review_FOR_INVESTIGATOR_APPROVAL,2026-09-27T23:22:23.814151+00:00,
PMID:41450535,Clinical_Medicine,all_inputs_leak_target,corrected,specifiable_runnable,unresolved,AI_independent_evidence_review_FOR_INVESTIGATOR_APPROVAL,2026-09-27T23:22:23.814226+00:00,
PMID:38813350,Clinical_Medicine,all_inputs_leak_target,corrected,gate_failed_delegated,unresolved,AI_independent_evidence_review_FOR_INVESTIGATOR_APPROVAL,2026-09-27T23:22:23.811498+00:00,
PMID:38164328,Clinical_Medicine,required_inputs_not_in_public_listing,confirmed,required_inputs_not_in_public_listing,required_inputs_not_in_public_listing,AI_independent_evidence_review_FOR_INVESTIGATOR_APPROVAL,2026-09-27T23:22:23.811339+00:00,
PMID:41472734,Clinical_Medicine,required_inputs_not_in_public_listing,confirmed,required_inputs_not_in_public_listing,required_inputs_not_in_public_listing,AI_independent_evidence_review_FOR_INVESTIGATOR_APPROVAL,2026-09-27T23:22:23.814558+00:00,
PMID:41502527,Clinical_Medicine,specification_not_obtained,confirmed,specification_not_obtained,specification_not_obtained,AI_independent_evidence_review_FOR_INVESTIGATOR_APPROVAL,2026-09-27T23:22:23.814595+00:00,
PMID:39902187,Clinical_Medicine,external_reference_resource_required_not_served,confirmed,external_reference_resource_required_not_served,external_reference_resource_required_not_served,AI_independent_evidence_review_FOR_INVESTIGATOR_APPROVAL,2026-09-27T23:22:23.812356+00:00,
PMID:41454187,Clinical_Medicine,target_value_not_located_verbatim,confirmed,target_value_not_located_verbatim,target_value_not_located_verbatim,AI_independent_evidence_review_FOR_INVESTIGATOR_APPROVAL,2026-09-27T23:22:23.814312+00:00,
PMID:41573549,Chemistry_Materials,gate_failed_delegated,confirmed,gate_failed_delegated,gate_failed_delegated,AI_independent_evidence_review_FOR_INVESTIGATOR_APPROVAL,2026-09-27T23:22:23.814689+00:00,
PMID:41413899,Chemistry_Materials,external_reference_resource_required_not_served,confirmed,external_reference_resource_required_not_served,external_reference_resource_required_not_served,AI_independent_evidence_review_FOR_INVESTIGATOR_APPROVAL,2026-09-27T23:22:23.814066+00:00,
PMID:39613774,Chemistry_Materials,gate_failed_delegated,confirmed,gate_failed_delegated,gate_failed_delegated,AI_independent_evidence_review_FOR_INVESTIGATOR_APPROVAL,2026-09-27T23:22:23.811940+00:00,
PMID:34716354,Chemistry_Materials,all_inputs_leak_target,confirmed,all_inputs_leak_target,all_inputs_leak_target,AI_independent_evidence_review_FOR_INVESTIGATOR_APPROVAL,2026-09-27T23:22:23.808538+00:00,
PMID:41233595,Chemistry_Materials,required_inputs_not_in_public_listing,confirmed,required_inputs_not_in_public_listing,required_inputs_not_in_public_listing,AI_independent_evidence_review_FOR_INVESTIGATOR_APPROVAL,2026-09-27T23:22:23.813203+00:00,
PMID:41306588,Chemistry_Materials,external_reference_resource_required_not_served,confirmed,external_reference_resource_required_not_served,external_reference_resource_required_not_served,AI_independent_evidence_review_FOR_INVESTIGATOR_APPROVAL,2026-09-27T23:22:23.813873+00:00,
PMID:38203551,Chemistry_Materials,external_reference_resource_required_not_served,confirmed,external_reference_resource_required_not_served,external_reference_resource_required_not_served,AI_independent_evidence_review_FOR_INVESTIGATOR_APPROVAL,2026-09-27T23:22:23.811412+00:00,
PMID:41180196,Chemistry_Materials,gate_failed_delegated,confirmed,gate_failed_delegated,gate_failed_delegated,AI_independent_evidence_review_FOR_INVESTIGATOR_APPROVAL,2026-09-27T23:22:23.813019+00:00,
PMID:36590690,Physics_Engineering,gate_failed_delegated,confirmed,gate_failed_delegated,gate_failed_delegated,AI_independent_evidence_review_FOR_INVESTIGATOR_APPROVAL,2026-09-27T23:22:23.810792+00:00,
PMID:40604274,Physics_Engineering,gate_failed_delegated,confirmed,gate_failed_delegated,gate_failed_delegated,AI_independent_evidence_review_FOR_INVESTIGATOR_APPROVAL,2026-09-27T23:22:23.812620+00:00,
PMID:41219412,Physics_Engineering,specification_not_obtained,confirmed,specification_not_obtained,specification_not_obtained,AI_independent_evidence_review_FOR_INVESTIGATOR_APPROVAL,2026-09-27T23:22:23.813128+00:00,
PMID:39018359,Physics_Engineering,required_inputs_not_in_public_listing,confirmed,required_inputs_not_in_public_listing,required_inputs_not_in_public_listing,AI_independent_evidence_review_FOR_INVESTIGATOR_APPROVAL,2026-09-27T23:22:23.811582+00:00,
PMID:39895948,Social_Behavioral,slots_completed,attempted_not_in_B_scope,slots_completed,slots_completed,,,
PMID:41460829,Social_Behavioral,target_value_not_located_verbatim,confirmed,target_value_not_located_verbatim,target_value_not_located_verbatim,AI_independent_evidence_review_FOR_INVESTIGATOR_APPROVAL,2026-09-27T23:22:23.814386+00:00,
PMID:39816064,Social_Behavioral,gate_failed_delegated,confirmed,gate_failed_delegated,gate_failed_delegated,AI_independent_evidence_review_FOR_INVESTIGATOR_APPROVAL,2026-09-27T23:22:23.812281+00:00,
PMID:39732661,Social_Behavioral,external_reference_resource_required_not_served,confirmed,external_reference_resource_required_not_served,external_reference_resource_required_not_served,AI_independent_evidence_review_FOR_INVESTIGATOR_APPROVAL,2026-09-27T23:22:23.812122+00:00,
PMID:41563087,Social_Behavioral,slots_completed,attempted_not_in_B_scope,slots_completed,slots_completed,,,
PMID:39830509,Social_Behavioral,slots_completed,attempted_not_in_B_scope,slots_completed,slots_completed,,,
PMID:36305581,Computational_Science,gate_failed_delegated,confirmed,gate_failed_delegated,gate_failed_delegated,AI_independent_evidence_review_FOR_INVESTIGATOR_APPROVAL,2026-09-27T23:22:23.809987+00:00,
PMID:41193996,Computational_Science,external_reference_resource_required_not_served,confirmed,external_reference_resource_required_not_served,external_reference_resource_required_not_served,AI_independent_evidence_review_FOR_INVESTIGATOR_APPROVAL,2026-09-27T23:22:23.813097+00:00,
PMID:34823491,Computational_Science,all_inputs_leak_target,corrected,specifiable_runnable,unresolved,AI_independent_evidence_review_FOR_INVESTIGATOR_APPROVAL,2026-09-27T23:22:23.808765+00:00,
PMID:37879938,Computational_Science,gate_failed_delegated,confirmed,gate_failed_delegated,gate_failed_delegated,AI_independent_evidence_review_FOR_INVESTIGATOR_APPROVAL,2026-09-27T23:22:23.811115+00:00,
PMID:36266291,Computational_Science,external_reference_resource_required_not_served,confirmed,external_reference_resource_required_not_served,external_reference_resource_required_not_served,AI_independent_evidence_review_FOR_INVESTIGATOR_APPROVAL,2026-09-27T23:22:23.809790+00:00,
PMID:36422202,Computational_Science,external_reference_resource_required_not_served,confirmed,external_reference_resource_required_not_served,external_reference_resource_required_not_served,AI_independent_evidence_review_FOR_INVESTIGATOR_APPROVAL,2026-09-27T23:22:23.810600+00:00,
PMID:39540287,Computational_Science,external_reference_resource_required_not_served,confirmed,external_reference_resource_required_not_served,external_reference_resource_required_not_served,AI_independent_evidence_review_FOR_INVESTIGATOR_APPROVAL,2026-09-27T23:22:23.811865+00:00,
PMID:33217980,Computational_Science,gate_failed_delegated,confirmed,gate_failed_delegated,gate_failed_delegated,AI_independent_evidence_review_FOR_INVESTIGATOR_APPROVAL,2026-09-27T23:22:23.807153+00:00,
PMID:36153311,Computational_Science,external_reference_resource_required_not_served,confirmed,external_reference_resource_required_not_served,external_reference_resource_required_not_served,AI_independent_evidence_review_FOR_INVESTIGATOR_APPROVAL,2026-09-27T23:22:23.809571+00:00,
PMID:34584066,Computational_Science,required_inputs_not_in_public_listing,confirmed,required_inputs_not_in_public_listing,required_inputs_not_in_public_listing,AI_independent_evidence_review_FOR_INVESTIGATOR_APPROVAL,2026-09-27T23:22:23.808108+00:00,
PMID:41677189,Computational_Science,slots_completed,attempted_not_in_B_scope,slots_completed,slots_completed,,,
PMID:36111561,Computational_Science,gate_failed_delegated,confirmed,gate_failed_delegated,gate_failed_delegated,AI_independent_evidence_review_FOR_INVESTIGATOR_APPROVAL,2026-09-27T23:22:23.809512+00:00,
PMID:34772950,Computational_Science,required_inputs_not_in_public_listing,confirmed,required_inputs_not_in_public_listing,required_inputs_not_in_public_listing,AI_independent_evidence_review_FOR_INVESTIGATOR_APPROVAL,2026-09-27T23:22:23.808617+00:00,
PMID:41257959,Computational_Science,external_reference_resource_required_not_served,confirmed,external_reference_resource_required_not_served,external_reference_resource_required_not_served,AI_independent_evidence_review_FOR_INVESTIGATOR_APPROVAL,2026-09-27T23:22:23.813642+00:00,
PMID:36469001,Computational_Science,required_inputs_not_in_public_listing,confirmed,required_inputs_not_in_public_listing,required_inputs_not_in_public_listing,AI_independent_evidence_review_FOR_INVESTIGATOR_APPROVAL,2026-09-27T23:22:23.810691+00:00,
PMID:37796927,Computational_Science,external_reference_resource_required_not_served,confirmed,external_reference_resource_required_not_served,external_reference_resource_required_not_served,AI_independent_evidence_review_FOR_INVESTIGATOR_APPROVAL,2026-09-27T23:22:23.811030+00:00,
PMID:41345772,Computational_Science,external_reference_resource_required_not_served,confirmed,external_reference_resource_required_not_served,external_reference_resource_required_not_served,AI_independent_evidence_review_FOR_INVESTIGATOR_APPROVAL,2026-09-27T23:22:23.813971+00:00,
PMID:41469386,Computational_Science,all_inputs_leak_target,corrected,required_inputs_not_in_public_listing,unresolved,AI_independent_evidence_review_FOR_INVESTIGATOR_APPROVAL,2026-09-27T23:22:23.814471+00:00,
PMID:36399471,Computational_Science,external_reference_resource_required_not_served,confirmed,external_reference_resource_required_not_served,external_reference_resource_required_not_served,AI_independent_evidence_review_FOR_INVESTIGATOR_APPROVAL,2026-09-27T23:22:23.810535+00:00,
PMID:33072212,Computational_Science,slots_completed,attempted_not_in_B_scope,slots_completed,slots_completed,,,
PMID:39732836,Computational_Science,external_reference_resource_required_not_served,confirmed,external_reference_resource_required_not_served,external_reference_resource_required_not_served,AI_independent_evidence_review_FOR_INVESTIGATOR_APPROVAL,2026-09-27T23:22:23.812212+00:00,
PMID:41299027,Computational_Science,external_reference_resource_required_not_served,confirmed,external_reference_resource_required_not_served,external_reference_resource_required_not_served,AI_independent_evidence_review_FOR_INVESTIGATOR_APPROVAL,2026-09-27T23:22:23.813759+00:00,
PMID:38095636,Computational_Science,external_reference_resource_required_not_served,confirmed,external_reference_resource_required_not_served,external_reference_resource_required_not_served,AI_independent_evidence_review_FOR_INVESTIGATOR_APPROVAL,2026-09-27T23:22:23.811265+00:00,
PMID:32925947,Computational_Science,gate_failed_delegated,confirmed,gate_failed_delegated,gate_failed_delegated,AI_independent_evidence_review_FOR_INVESTIGATOR_APPROVAL,2026-09-27T23:22:23.806628+00:00,
PMID:36380453,Environmental_Earth,gate_failed_delegated,confirmed,gate_failed_delegated,gate_failed_delegated,AI_independent_evidence_review_FOR_INVESTIGATOR_APPROVAL,2026-09-27T23:22:23.810468+00:00,
PMID:37935364,Environmental_Earth,gate_failed_delegated,confirmed,gate_failed_delegated,gate_failed_delegated,AI_independent_evidence_review_FOR_INVESTIGATOR_APPROVAL,2026-09-27T23:22:23.811192+00:00,
PMID:33954783,Environmental_Earth,gate_failed_delegated,confirmed,gate_failed_delegated,gate_failed_delegated,AI_independent_evidence_review_FOR_INVESTIGATOR_APPROVAL,2026-09-27T23:22:23.807583+00:00,
PMID:33368254,Environmental_Earth,required_inputs_not_in_public_listing,confirmed,required_inputs_not_in_public_listing,required_inputs_not_in_public_listing,AI_independent_evidence_review_FOR_INVESTIGATOR_APPROVAL,2026-09-27T23:22:23.807432+00:00,
PMID:40304046,Environmental_Earth,required_inputs_not_in_public_listing,confirmed,required_inputs_not_in_public_listing,required_inputs_not_in_public_listing,AI_independent_evidence_review_FOR_INVESTIGATOR_APPROVAL,2026-09-27T23:22:23.812509+00:00,
PMID:34176322,Environmental_Earth,required_inputs_not_in_public_listing,confirmed,required_inputs_not_in_public_listing,required_inputs_not_in_public_listing,AI_independent_evidence_review_FOR_INVESTIGATOR_APPROVAL,2026-09-27T23:22:23.807782+00:00,
PMID:33268805,Environmental_Earth,gate_failed_delegated,confirmed,gate_failed_delegated,gate_failed_delegated,AI_independent_evidence_review_FOR_INVESTIGATOR_APPROVAL,2026-09-27T23:22:23.807235+00:00,
PMID:32724106,Environmental_Earth,gate_failed_delegated,confirmed,gate_failed_delegated,gate_failed_delegated,AI_independent_evidence_review_FOR_INVESTIGATOR_APPROVAL,2026-09-27T23:22:23.806433+00:00,
PMID:40373015,Environmental_Earth,specification_not_obtained,confirmed,specification_not_obtained,specification_not_obtained,AI_independent_evidence_review_FOR_INVESTIGATOR_APPROVAL,2026-09-27T23:22:23.812543+00:00,
PMID:33449384,Environmental_Earth,external_reference_resource_required_not_served,confirmed,external_reference_resource_required_not_served,external_reference_resource_required_not_served,AI_independent_evidence_review_FOR_INVESTIGATOR_APPROVAL,2026-09-27T23:22:23.807514+00:00,
PMID:33031384,Environmental_Earth,gate_failed_delegated,confirmed,gate_failed_delegated,gate_failed_delegated,AI_independent_evidence_review_FOR_INVESTIGATOR_APPROVAL,2026-09-27T23:22:23.806739+00:00,
PMID:40685907,Environmental_Earth,specification_not_obtained,confirmed,specification_not_obtained,specification_not_obtained,AI_independent_evidence_review_FOR_INVESTIGATOR_APPROVAL,2026-09-27T23:22:23.812663+00:00,
PMID:36373930,Environmental_Earth,required_inputs_not_in_public_listing,confirmed,required_inputs_not_in_public_listing,required_inputs_not_in_public_listing,AI_independent_evidence_review_FOR_INVESTIGATOR_APPROVAL,2026-09-27T23:22:23.810384+00:00,
PMID:32238776,Environmental_Earth,all_inputs_leak_target,corrected,specifiable_runnable,unresolved,AI_independent_evidence_review_FOR_INVESTIGATOR_APPROVAL,2026-09-27T23:22:23.806315+00:00,
PMID:36198779,Environmental_Earth,gate_failed_delegated,confirmed,gate_failed_delegated,gate_failed_delegated,AI_independent_evidence_review_FOR_INVESTIGATOR_APPROVAL,2026-09-27T23:22:23.809714+00:00,
PMID:35074869,Environmental_Earth,external_reference_resource_required_not_served,confirmed,external_reference_resource_required_not_served,external_reference_resource_required_not_served,AI_independent_evidence_review_FOR_INVESTIGATOR_APPROVAL,2026-09-27T23:22:23.809134+00:00,
PMID:36307440,Environmental_Earth,no_input_retained,confirmed,no_input_retained,no_input_retained,AI_independent_evidence_review_FOR_INVESTIGATOR_APPROVAL,2026-09-27T23:22:23.810100+00:00,
PMID:33973299,Environmental_Earth,target_value_not_located_verbatim,confirmed,target_value_not_located_verbatim,target_value_not_located_verbatim,AI_independent_evidence_review_FOR_INVESTIGATOR_APPROVAL,2026-09-27T23:22:23.807670+00:00,
