paper_id,slot,frozen_run_success,adjusted_run_success,changed,adjusted_failure_codes,frozen_failure_codes,reviewer_id,reviewed_at_utc,investigator_signoff,layer,frozen_L1,adjusted_L1,frozen_L2,adjusted_L2,frozen_L3,adjusted_L3,frozen_L4,adjusted_L4,frozen_L5,adjusted_L5
PMID:33072212,1,no,no,no,F13,F13,AI_independent_evidence_review_FOR_INVESTIGATOR_APPROVAL,2026-09-27T22:09:02.821088+00:00,,verification_adjusted_sensitivity_layer,no,no,yes,yes,not_established,not_established,not_established,not_established,not_assessable,not_assessable
PMID:33072212,2,no,no,no,F13,F13,AI_independent_evidence_review_FOR_INVESTIGATOR_APPROVAL,2026-09-27T22:09:02.821147+00:00,,verification_adjusted_sensitivity_layer,no,no,yes,yes,not_established,not_established,not_established,not_established,not_assessable,not_assessable
PMID:33072212,3,no,no,no,F13,F13,AI_independent_evidence_review_FOR_INVESTIGATOR_APPROVAL,2026-09-27T22:09:02.821153+00:00,,verification_adjusted_sensitivity_layer,no,no,yes,yes,not_established,not_established,not_established,not_established,not_assessable,not_assessable
PMID:34495251,1,no,no,no,,,AI_independent_evidence_review_FOR_INVESTIGATOR_APPROVAL,2026-09-27T22:09:02.821157+00:00,,verification_adjusted_sensitivity_layer,yes,yes,not_reached,not_reached,not_reached,not_reached,not_established,not_established,not_assessable,not_assessable
PMID:34495251,2,no,no,no,F13,F13,AI_independent_evidence_review_FOR_INVESTIGATOR_APPROVAL,2026-09-27T22:09:02.821161+00:00,,verification_adjusted_sensitivity_layer,no,no,yes,yes,not_established,not_established,not_established,not_established,not_assessable,not_assessable
PMID:34495251,3,no,no,no,F13,F13,AI_independent_evidence_review_FOR_INVESTIGATOR_APPROVAL,2026-09-27T22:09:02.821164+00:00,,verification_adjusted_sensitivity_layer,no,no,yes,yes,not_established,not_established,not_established,not_established,not_assessable,not_assessable
PMID:34731224,1,no,no,no,F01;F03,F01;F03,AI_independent_evidence_review_FOR_INVESTIGATOR_APPROVAL,2026-09-27T22:09:02.821167+00:00,,verification_adjusted_sensitivity_layer,yes,yes,yes,yes,not_established,not_established,not_established,not_established,not_assessable,not_assessable
PMID:34731224,2,no,no,no,F01;F03,F01;F03,AI_independent_evidence_review_FOR_INVESTIGATOR_APPROVAL,2026-09-27T22:09:02.821170+00:00,,verification_adjusted_sensitivity_layer,yes,yes,yes,yes,not_established,not_established,not_established,not_established,not_assessable,not_assessable
PMID:34731224,3,no,no,no,F13,F13,AI_independent_evidence_review_FOR_INVESTIGATOR_APPROVAL,2026-09-27T22:09:02.821174+00:00,,verification_adjusted_sensitivity_layer,no,no,yes,yes,not_established,not_established,not_established,not_established,not_assessable,not_assessable
PMID:39830509,1,no,no,no,F13,F13,AI_independent_evidence_review_FOR_INVESTIGATOR_APPROVAL,2026-09-27T22:09:02.821178+00:00,,verification_adjusted_sensitivity_layer,no,no,yes,yes,not_established,not_established,not_established,not_established,not_assessable,not_assessable
PMID:39830509,2,no,no,yes,F20,F15,AI_independent_evidence_review_FOR_INVESTIGATOR_APPROVAL,2026-09-27T22:09:02.821183+00:00,,verification_adjusted_sensitivity_layer,yes,yes,yes,yes,not_established,yes,not_established,no,not_assessable,not_assessable
PMID:39830509,3,no,no,no,F13,F13,AI_independent_evidence_review_FOR_INVESTIGATOR_APPROVAL,2026-09-27T22:09:02.821187+00:00,,verification_adjusted_sensitivity_layer,no,no,yes,yes,not_established,not_established,not_established,not_established,not_assessable,not_assessable
PMID:39895948,1,no,no,no,F13,F13,AI_independent_evidence_review_FOR_INVESTIGATOR_APPROVAL,2026-09-27T22:09:02.821190+00:00,,verification_adjusted_sensitivity_layer,no,no,yes,yes,not_established,not_established,not_established,not_established,not_assessable,not_assessable
PMID:39895948,2,no,no,no,F13,F13,AI_independent_evidence_review_FOR_INVESTIGATOR_APPROVAL,2026-09-27T22:09:02.821194+00:00,,verification_adjusted_sensitivity_layer,no,no,yes,yes,not_established,not_established,not_established,not_established,not_assessable,not_assessable
PMID:39895948,3,no,no,no,F20,F20,AI_independent_evidence_review_FOR_INVESTIGATOR_APPROVAL,2026-09-27T22:09:02.821197+00:00,,verification_adjusted_sensitivity_layer,yes,yes,yes,yes,yes,yes,no,no,not_assessable,not_assessable
PMID:40956867,1,no,no,no,F13,F13,AI_independent_evidence_review_FOR_INVESTIGATOR_APPROVAL,2026-09-27T22:09:02.821200+00:00,,verification_adjusted_sensitivity_layer,no,no,yes,yes,not_established,not_established,not_established,not_established,not_assessable,not_assessable
PMID:40956867,2,no,no,no,F13,F13,AI_independent_evidence_review_FOR_INVESTIGATOR_APPROVAL,2026-09-27T22:09:02.821203+00:00,,verification_adjusted_sensitivity_layer,no,no,yes,yes,not_established,not_established,not_established,not_established,not_assessable,not_assessable
PMID:40956867,3,no,no,no,F13,F13,AI_independent_evidence_review_FOR_INVESTIGATOR_APPROVAL,2026-09-27T22:09:02.821205+00:00,,verification_adjusted_sensitivity_layer,no,no,yes,yes,not_established,not_established,not_established,not_established,not_assessable,not_assessable
PMID:41091855,1,no,no,no,F13,F13,AI_independent_evidence_review_FOR_INVESTIGATOR_APPROVAL,2026-09-27T22:09:02.821209+00:00,,verification_adjusted_sensitivity_layer,no,no,yes,yes,not_established,not_established,not_established,not_established,not_assessable,not_assessable
PMID:41091855,2,no,no,no,F13,F13,AI_independent_evidence_review_FOR_INVESTIGATOR_APPROVAL,2026-09-27T22:09:02.821214+00:00,,verification_adjusted_sensitivity_layer,no,no,yes,yes,not_established,not_established,not_established,not_established,not_assessable,not_assessable
PMID:41091855,3,no,no,no,F15,F15,AI_independent_evidence_review_FOR_INVESTIGATOR_APPROVAL,2026-09-27T22:09:02.821217+00:00,,verification_adjusted_sensitivity_layer,no,no,yes,yes,not_established,not_established,not_established,not_established,not_assessable,not_assessable
PMID:41472739,1,no,no,no,F01,F01,AI_independent_evidence_review_FOR_INVESTIGATOR_APPROVAL,2026-09-27T22:09:02.821220+00:00,,verification_adjusted_sensitivity_layer,yes,yes,yes,yes,not_established,not_established,not_established,not_established,not_assessable,not_assessable
PMID:41472739,2,no,no,no,F15;F01,F15;F01,AI_independent_evidence_review_FOR_INVESTIGATOR_APPROVAL,2026-09-27T22:09:02.821223+00:00,,verification_adjusted_sensitivity_layer,yes,yes,yes,yes,not_established,not_established,not_established,not_established,not_assessable,not_assessable
PMID:41472739,3,no,no,no,F01,F01,AI_independent_evidence_review_FOR_INVESTIGATOR_APPROVAL,2026-09-27T22:09:02.821225+00:00,,verification_adjusted_sensitivity_layer,yes,yes,yes,yes,not_established,not_established,not_established,not_established,not_assessable,not_assessable
PMID:41563087,1,no,no,no,F13,F13,AI_independent_evidence_review_FOR_INVESTIGATOR_APPROVAL,2026-09-27T22:09:02.821228+00:00,,verification_adjusted_sensitivity_layer,no,no,yes,yes,not_established,not_established,not_established,not_established,not_assessable,not_assessable
PMID:41563087,2,no,yes,yes,,F20,AI_independent_evidence_review_FOR_INVESTIGATOR_APPROVAL,2026-09-27T22:09:02.821233+00:00,,verification_adjusted_sensitivity_layer,yes,yes,yes,yes,yes,yes,no,yes,not_assessable,yes
PMID:41563087,3,yes,yes,yes,,,AI_independent_evidence_review_FOR_INVESTIGATOR_APPROVAL,2026-09-27T22:09:02.821237+00:00,,verification_adjusted_sensitivity_layer,yes,yes,yes,yes,yes,yes,yes,yes,pending_human_adjudication,yes
PMID:41677189,1,no,no,no,F13,F13,AI_independent_evidence_review_FOR_INVESTIGATOR_APPROVAL,2026-09-27T22:09:02.821240+00:00,,verification_adjusted_sensitivity_layer,no,no,yes,yes,not_established,not_established,not_established,not_established,not_assessable,not_assessable
PMID:41677189,2,no,no,no,F13,F13,AI_independent_evidence_review_FOR_INVESTIGATOR_APPROVAL,2026-09-27T22:09:02.821243+00:00,,verification_adjusted_sensitivity_layer,no,no,yes,yes,not_established,not_established,not_established,not_established,not_assessable,not_assessable
PMID:41677189,3,no,no,no,F13,F13,AI_independent_evidence_review_FOR_INVESTIGATOR_APPROVAL,2026-09-27T22:09:02.821246+00:00,,verification_adjusted_sensitivity_layer,no,no,yes,yes,not_established,not_established,not_established,not_established,not_assessable,not_assessable
