paper_id,frozen_successful_slots,adjusted_successful_slots,frozen_majority,adjusted_majority,adjusted_strict,adjusted_permissive,changed
PMID:33072212,0/3,0/3,failure,failure,failure,failure,no
PMID:34495251,0/3,0/3,failure,failure,failure,failure,no
PMID:34731224,0/3,0/3,failure,failure,failure,failure,no
PMID:39830509,0/3,0/3,failure,failure,failure,failure,no
PMID:39895948,0/3,0/3,failure,failure,failure,failure,no
PMID:40956867,0/3,0/3,failure,failure,failure,failure,no
PMID:41091855,0/3,0/3,failure,failure,failure,failure,no
PMID:41472739,0/3,0/3,failure,failure,failure,failure,no
PMID:41563087,1/3,2/3,failure,success,failure,success,yes
PMID:41677189,0/3,0/3,failure,failure,failure,failure,no
