paper_id,dimension,frozen_completeness,adjusted_completeness,changed,reviewer_id,reviewed_at_utc,investigator_signoff
PMID:33072212,boundaries,not_available,not_available,no,AI_independent_evidence_review_FOR_INVESTIGATOR_APPROVAL,2026-09-28T02:27:16.508772+00:00,
PMID:33072212,constants_and_thresholds,not_available,not_available,no,AI_independent_evidence_review_FOR_INVESTIGATOR_APPROVAL,2026-09-28T02:27:16.508771+00:00,
PMID:33072212,defaults,not_available,not_available,no,AI_independent_evidence_review_FOR_INVESTIGATOR_APPROVAL,2026-09-28T02:27:16.508765+00:00,
PMID:33072212,exclusions,not_available,not_available,no,AI_independent_evidence_review_FOR_INVESTIGATOR_APPROVAL,2026-09-28T02:27:16.508769+00:00,
PMID:33072212,filtering,not_available,not_available,no,AI_independent_evidence_review_FOR_INVESTIGATOR_APPROVAL,2026-09-28T02:27:16.508755+00:00,
PMID:33072212,initialization,not_available,not_available,no,AI_independent_evidence_review_FOR_INVESTIGATOR_APPROVAL,2026-09-28T02:27:16.508760+00:00,
PMID:33072212,manual_transformations,not_available,not_available,no,AI_independent_evidence_review_FOR_INVESTIGATOR_APPROVAL,2026-09-28T02:27:16.508775+00:00,
PMID:33072212,missing_data_handling,not_available,not_available,no,AI_independent_evidence_review_FOR_INVESTIGATOR_APPROVAL,2026-09-28T02:27:16.508758+00:00,
PMID:33072212,normalization,not_available,not_available,no,AI_independent_evidence_review_FOR_INVESTIGATOR_APPROVAL,2026-09-28T02:27:16.508738+00:00,
PMID:33072212,preprocessing_order,not_available,not_available,no,AI_independent_evidence_review_FOR_INVESTIGATOR_APPROVAL,2026-09-28T02:27:16.508767+00:00,
PMID:33072212,random_seeds,not_available,not_available,no,AI_independent_evidence_review_FOR_INVESTIGATOR_APPROVAL,2026-09-28T02:27:16.508762+00:00,
PMID:33072212,software_versions,not_available,not_available,no,AI_independent_evidence_review_FOR_INVESTIGATOR_APPROVAL,2026-09-28T02:27:16.508774+00:00,
PMID:33072212,stopping_criteria,not_available,not_available,no,AI_independent_evidence_review_FOR_INVESTIGATOR_APPROVAL,2026-09-28T02:27:16.508763+00:00,
PMID:34495251,boundaries,not_available,not_available,no,AI_independent_evidence_review_FOR_INVESTIGATOR_APPROVAL,2026-09-28T02:27:16.508797+00:00,
PMID:34495251,constants_and_thresholds,not_available,not_available,no,AI_independent_evidence_review_FOR_INVESTIGATOR_APPROVAL,2026-09-28T02:27:16.508795+00:00,
PMID:34495251,defaults,not_available,not_available,no,AI_independent_evidence_review_FOR_INVESTIGATOR_APPROVAL,2026-09-28T02:27:16.508786+00:00,
PMID:34495251,exclusions,not_available,not_available,no,AI_independent_evidence_review_FOR_INVESTIGATOR_APPROVAL,2026-09-28T02:27:16.508789+00:00,
PMID:34495251,filtering,not_available,not_available,no,AI_independent_evidence_review_FOR_INVESTIGATOR_APPROVAL,2026-09-28T02:27:16.508779+00:00,
PMID:34495251,initialization,not_available,not_available,no,AI_independent_evidence_review_FOR_INVESTIGATOR_APPROVAL,2026-09-28T02:27:16.508782+00:00,
PMID:34495251,manual_transformations,not_available,not_available,no,AI_independent_evidence_review_FOR_INVESTIGATOR_APPROVAL,2026-09-28T02:27:16.508822+00:00,
PMID:34495251,missing_data_handling,not_available,not_available,no,AI_independent_evidence_review_FOR_INVESTIGATOR_APPROVAL,2026-09-28T02:27:16.508780+00:00,
PMID:34495251,normalization,not_available,not_available,no,AI_independent_evidence_review_FOR_INVESTIGATOR_APPROVAL,2026-09-28T02:27:16.508777+00:00,
PMID:34495251,preprocessing_order,not_available,not_available,no,AI_independent_evidence_review_FOR_INVESTIGATOR_APPROVAL,2026-09-28T02:27:16.508788+00:00,
PMID:34495251,random_seeds,not_available,not_available,no,AI_independent_evidence_review_FOR_INVESTIGATOR_APPROVAL,2026-09-28T02:27:16.508783+00:00,
PMID:34495251,software_versions,not_available,not_available,no,AI_independent_evidence_review_FOR_INVESTIGATOR_APPROVAL,2026-09-28T02:27:16.508798+00:00,
PMID:34495251,stopping_criteria,not_available,not_available,no,AI_independent_evidence_review_FOR_INVESTIGATOR_APPROVAL,2026-09-28T02:27:16.508785+00:00,
PMID:34731224,boundaries,not_available,not_available,no,AI_independent_evidence_review_FOR_INVESTIGATOR_APPROVAL,2026-09-28T02:27:16.508839+00:00,
PMID:34731224,constants_and_thresholds,not_available,not_available,no,AI_independent_evidence_review_FOR_INVESTIGATOR_APPROVAL,2026-09-28T02:27:16.508838+00:00,
PMID:34731224,defaults,not_available,not_available,no,AI_independent_evidence_review_FOR_INVESTIGATOR_APPROVAL,2026-09-28T02:27:16.508833+00:00,
PMID:34731224,exclusions,not_available,not_available,no,AI_independent_evidence_review_FOR_INVESTIGATOR_APPROVAL,2026-09-28T02:27:16.508836+00:00,
PMID:34731224,filtering,not_available,not_available,no,AI_independent_evidence_review_FOR_INVESTIGATOR_APPROVAL,2026-09-28T02:27:16.508826+00:00,
PMID:34731224,initialization,not_available,not_available,no,AI_independent_evidence_review_FOR_INVESTIGATOR_APPROVAL,2026-09-28T02:27:16.508829+00:00,
PMID:34731224,manual_transformations,not_available,not_available,no,AI_independent_evidence_review_FOR_INVESTIGATOR_APPROVAL,2026-09-28T02:27:16.508842+00:00,
PMID:34731224,missing_data_handling,not_available,not_available,no,AI_independent_evidence_review_FOR_INVESTIGATOR_APPROVAL,2026-09-28T02:27:16.508827+00:00,
PMID:34731224,normalization,not_available,not_available,no,AI_independent_evidence_review_FOR_INVESTIGATOR_APPROVAL,2026-09-28T02:27:16.508824+00:00,
PMID:34731224,preprocessing_order,not_available,not_available,no,AI_independent_evidence_review_FOR_INVESTIGATOR_APPROVAL,2026-09-28T02:27:16.508835+00:00,
PMID:34731224,random_seeds,not_available,not_available,no,AI_independent_evidence_review_FOR_INVESTIGATOR_APPROVAL,2026-09-28T02:27:16.508830+00:00,
PMID:34731224,software_versions,not_available,not_available,no,AI_independent_evidence_review_FOR_INVESTIGATOR_APPROVAL,2026-09-28T02:27:16.508841+00:00,
PMID:34731224,stopping_criteria,not_available,not_available,no,AI_independent_evidence_review_FOR_INVESTIGATOR_APPROVAL,2026-09-28T02:27:16.508832+00:00,
PMID:39830509,boundaries,not_available,not_available,no,AI_independent_evidence_review_FOR_INVESTIGATOR_APPROVAL,2026-09-28T02:27:16.508860+00:00,
PMID:39830509,constants_and_thresholds,not_available,not_available,no,AI_independent_evidence_review_FOR_INVESTIGATOR_APPROVAL,2026-09-28T02:27:16.508859+00:00,
PMID:39830509,defaults,not_available,not_available,no,AI_independent_evidence_review_FOR_INVESTIGATOR_APPROVAL,2026-09-28T02:27:16.508854+00:00,
PMID:39830509,exclusions,not_available,not_available,no,AI_independent_evidence_review_FOR_INVESTIGATOR_APPROVAL,2026-09-28T02:27:16.508857+00:00,
PMID:39830509,filtering,not_available,not_available,no,AI_independent_evidence_review_FOR_INVESTIGATOR_APPROVAL,2026-09-28T02:27:16.508846+00:00,
PMID:39830509,initialization,not_available,not_available,no,AI_independent_evidence_review_FOR_INVESTIGATOR_APPROVAL,2026-09-28T02:27:16.508849+00:00,
PMID:39830509,manual_transformations,not_available,not_available,no,AI_independent_evidence_review_FOR_INVESTIGATOR_APPROVAL,2026-09-28T02:27:16.508864+00:00,
PMID:39830509,missing_data_handling,not_available,not_available,no,AI_independent_evidence_review_FOR_INVESTIGATOR_APPROVAL,2026-09-28T02:27:16.508848+00:00,
PMID:39830509,normalization,not_available,not_available,no,AI_independent_evidence_review_FOR_INVESTIGATOR_APPROVAL,2026-09-28T02:27:16.508844+00:00,
PMID:39830509,preprocessing_order,not_available,not_available,no,AI_independent_evidence_review_FOR_INVESTIGATOR_APPROVAL,2026-09-28T02:27:16.508856+00:00,
PMID:39830509,random_seeds,not_available,not_available,no,AI_independent_evidence_review_FOR_INVESTIGATOR_APPROVAL,2026-09-28T02:27:16.508851+00:00,
PMID:39830509,software_versions,not_available,not_available,no,AI_independent_evidence_review_FOR_INVESTIGATOR_APPROVAL,2026-09-28T02:27:16.508862+00:00,
PMID:39830509,stopping_criteria,not_available,not_available,no,AI_independent_evidence_review_FOR_INVESTIGATOR_APPROVAL,2026-09-28T02:27:16.508852+00:00,
PMID:39895948,boundaries,not_available,not_available,no,AI_independent_evidence_review_FOR_INVESTIGATOR_APPROVAL,2026-09-28T02:27:16.508881+00:00,
PMID:39895948,constants_and_thresholds,not_available,not_available,no,AI_independent_evidence_review_FOR_INVESTIGATOR_APPROVAL,2026-09-28T02:27:16.508880+00:00,
PMID:39895948,defaults,not_available,not_available,no,AI_independent_evidence_review_FOR_INVESTIGATOR_APPROVAL,2026-09-28T02:27:16.508875+00:00,
PMID:39895948,exclusions,not_available,not_available,no,AI_independent_evidence_review_FOR_INVESTIGATOR_APPROVAL,2026-09-28T02:27:16.508878+00:00,
PMID:39895948,filtering,not_available,not_available,no,AI_independent_evidence_review_FOR_INVESTIGATOR_APPROVAL,2026-09-28T02:27:16.508867+00:00,
PMID:39895948,initialization,not_available,not_available,no,AI_independent_evidence_review_FOR_INVESTIGATOR_APPROVAL,2026-09-28T02:27:16.508870+00:00,
PMID:39895948,manual_transformations,not_available,not_available,no,AI_independent_evidence_review_FOR_INVESTIGATOR_APPROVAL,2026-09-28T02:27:16.508884+00:00,
PMID:39895948,missing_data_handling,not_available,not_available,no,AI_independent_evidence_review_FOR_INVESTIGATOR_APPROVAL,2026-09-28T02:27:16.508869+00:00,
PMID:39895948,normalization,not_available,not_available,no,AI_independent_evidence_review_FOR_INVESTIGATOR_APPROVAL,2026-09-28T02:27:16.508865+00:00,
PMID:39895948,preprocessing_order,not_available,not_available,no,AI_independent_evidence_review_FOR_INVESTIGATOR_APPROVAL,2026-09-28T02:27:16.508876+00:00,
PMID:39895948,random_seeds,not_available,not_available,no,AI_independent_evidence_review_FOR_INVESTIGATOR_APPROVAL,2026-09-28T02:27:16.508872+00:00,
PMID:39895948,software_versions,not_available,not_available,no,AI_independent_evidence_review_FOR_INVESTIGATOR_APPROVAL,2026-09-28T02:27:16.508883+00:00,
PMID:39895948,stopping_criteria,not_available,not_available,no,AI_independent_evidence_review_FOR_INVESTIGATOR_APPROVAL,2026-09-28T02:27:16.508873+00:00,
PMID:40956867,boundaries,partial,partial,no,AI_independent_evidence_review_FOR_INVESTIGATOR_APPROVAL,2026-09-28T02:27:16.508925+00:00,
PMID:40956867,constants_and_thresholds,partial,partial,no,AI_independent_evidence_review_FOR_INVESTIGATOR_APPROVAL,2026-09-28T02:27:16.508922+00:00,
PMID:40956867,defaults,explicit,explicit,no,AI_independent_evidence_review_FOR_INVESTIGATOR_APPROVAL,2026-09-28T02:27:16.508913+00:00,
PMID:40956867,exclusions,not_reported,not_reported,no,AI_independent_evidence_review_FOR_INVESTIGATOR_APPROVAL,2026-09-28T02:27:16.508918+00:00,
PMID:40956867,filtering,not_reported,not_reported,no,AI_independent_evidence_review_FOR_INVESTIGATOR_APPROVAL,2026-09-28T02:27:16.508898+00:00,
PMID:40956867,initialization,partial,partial,no,AI_independent_evidence_review_FOR_INVESTIGATOR_APPROVAL,2026-09-28T02:27:16.508905+00:00,
PMID:40956867,manual_transformations,not_available,not_available,no,AI_independent_evidence_review_FOR_INVESTIGATOR_APPROVAL,2026-09-28T02:27:16.508930+00:00,
PMID:40956867,missing_data_handling,not_reported,not_reported,no,AI_independent_evidence_review_FOR_INVESTIGATOR_APPROVAL,2026-09-28T02:27:16.508902+00:00,
PMID:40956867,normalization,not_reported,not_reported,no,AI_independent_evidence_review_FOR_INVESTIGATOR_APPROVAL,2026-09-28T02:27:16.508893+00:00,
PMID:40956867,preprocessing_order,not_reported,not_reported,no,AI_independent_evidence_review_FOR_INVESTIGATOR_APPROVAL,2026-09-28T02:27:16.508916+00:00,
PMID:40956867,random_seeds,not_reported,not_reported,no,AI_independent_evidence_review_FOR_INVESTIGATOR_APPROVAL,2026-09-28T02:27:16.508908+00:00,
PMID:40956867,software_versions,explicit,explicit,no,AI_independent_evidence_review_FOR_INVESTIGATOR_APPROVAL,2026-09-28T02:27:16.508927+00:00,
PMID:40956867,stopping_criteria,not_reported,not_reported,no,AI_independent_evidence_review_FOR_INVESTIGATOR_APPROVAL,2026-09-28T02:27:16.508910+00:00,
PMID:41091855,boundaries,not_reported,not_reported,no,AI_independent_evidence_review_FOR_INVESTIGATOR_APPROVAL,2026-09-28T02:27:16.508964+00:00,
PMID:41091855,constants_and_thresholds,explicit,explicit,no,AI_independent_evidence_review_FOR_INVESTIGATOR_APPROVAL,2026-09-28T02:27:16.508961+00:00,
PMID:41091855,defaults,explicit,explicit,no,AI_independent_evidence_review_FOR_INVESTIGATOR_APPROVAL,2026-09-28T02:27:16.508952+00:00,
PMID:41091855,exclusions,explicit,partial,yes,AI_independent_evidence_review_FOR_INVESTIGATOR_APPROVAL,2026-09-28T02:27:16.508959+00:00,
PMID:41091855,filtering,explicit,partial,yes,AI_independent_evidence_review_FOR_INVESTIGATOR_APPROVAL,2026-09-28T02:27:16.508938+00:00,
PMID:41091855,initialization,partial,partial,no,AI_independent_evidence_review_FOR_INVESTIGATOR_APPROVAL,2026-09-28T02:27:16.508944+00:00,
PMID:41091855,manual_transformations,explicit,not_reported,yes,AI_independent_evidence_review_FOR_INVESTIGATOR_APPROVAL,2026-09-28T02:27:16.508970+00:00,
PMID:41091855,missing_data_handling,not_reported,not_reported,no,AI_independent_evidence_review_FOR_INVESTIGATOR_APPROVAL,2026-09-28T02:27:16.508941+00:00,
PMID:41091855,normalization,explicit,partial,yes,AI_independent_evidence_review_FOR_INVESTIGATOR_APPROVAL,2026-09-28T02:27:16.508935+00:00,
PMID:41091855,preprocessing_order,explicit,explicit,no,AI_independent_evidence_review_FOR_INVESTIGATOR_APPROVAL,2026-09-28T02:27:16.508956+00:00,
PMID:41091855,random_seeds,not_reported,not_reported,no,AI_independent_evidence_review_FOR_INVESTIGATOR_APPROVAL,2026-09-28T02:27:16.508947+00:00,
PMID:41091855,software_versions,partial,partial,no,AI_independent_evidence_review_FOR_INVESTIGATOR_APPROVAL,2026-09-28T02:27:16.508967+00:00,
PMID:41091855,stopping_criteria,not_reported,not_reported,no,AI_independent_evidence_review_FOR_INVESTIGATOR_APPROVAL,2026-09-28T02:27:16.508949+00:00,
PMID:41472739,boundaries,not_available,not_available,no,AI_independent_evidence_review_FOR_INVESTIGATOR_APPROVAL,2026-09-28T02:27:16.509011+00:00,
PMID:41472739,constants_and_thresholds,not_available,not_available,no,AI_independent_evidence_review_FOR_INVESTIGATOR_APPROVAL,2026-09-28T02:27:16.509009+00:00,
PMID:41472739,defaults,not_available,not_available,no,AI_independent_evidence_review_FOR_INVESTIGATOR_APPROVAL,2026-09-28T02:27:16.509004+00:00,
PMID:41472739,exclusions,not_available,not_available,no,AI_independent_evidence_review_FOR_INVESTIGATOR_APPROVAL,2026-09-28T02:27:16.509008+00:00,
PMID:41472739,filtering,not_available,not_available,no,AI_independent_evidence_review_FOR_INVESTIGATOR_APPROVAL,2026-09-28T02:27:16.508974+00:00,
PMID:41472739,initialization,not_available,not_available,no,AI_independent_evidence_review_FOR_INVESTIGATOR_APPROVAL,2026-09-28T02:27:16.508978+00:00,
PMID:41472739,manual_transformations,not_available,not_available,no,AI_independent_evidence_review_FOR_INVESTIGATOR_APPROVAL,2026-09-28T02:27:16.509014+00:00,
PMID:41472739,missing_data_handling,not_available,not_available,no,AI_independent_evidence_review_FOR_INVESTIGATOR_APPROVAL,2026-09-28T02:27:16.508977+00:00,
PMID:41472739,normalization,not_available,not_available,no,AI_independent_evidence_review_FOR_INVESTIGATOR_APPROVAL,2026-09-28T02:27:16.508972+00:00,
PMID:41472739,preprocessing_order,not_available,not_available,no,AI_independent_evidence_review_FOR_INVESTIGATOR_APPROVAL,2026-09-28T02:27:16.509006+00:00,
PMID:41472739,random_seeds,not_available,not_available,no,AI_independent_evidence_review_FOR_INVESTIGATOR_APPROVAL,2026-09-28T02:27:16.508980+00:00,
PMID:41472739,software_versions,not_available,not_available,no,AI_independent_evidence_review_FOR_INVESTIGATOR_APPROVAL,2026-09-28T02:27:16.509012+00:00,
PMID:41472739,stopping_criteria,not_available,not_available,no,AI_independent_evidence_review_FOR_INVESTIGATOR_APPROVAL,2026-09-28T02:27:16.508982+00:00,
PMID:41563087,boundaries,not_available,not_available,no,AI_independent_evidence_review_FOR_INVESTIGATOR_APPROVAL,2026-09-28T02:27:16.509035+00:00,
PMID:41563087,constants_and_thresholds,not_available,not_available,no,AI_independent_evidence_review_FOR_INVESTIGATOR_APPROVAL,2026-09-28T02:27:16.509033+00:00,
PMID:41563087,defaults,not_available,not_available,no,AI_independent_evidence_review_FOR_INVESTIGATOR_APPROVAL,2026-09-28T02:27:16.509028+00:00,
PMID:41563087,exclusions,not_available,not_available,no,AI_independent_evidence_review_FOR_INVESTIGATOR_APPROVAL,2026-09-28T02:27:16.509031+00:00,
PMID:41563087,filtering,not_available,not_available,no,AI_independent_evidence_review_FOR_INVESTIGATOR_APPROVAL,2026-09-28T02:27:16.509019+00:00,
PMID:41563087,initialization,not_available,not_available,no,AI_independent_evidence_review_FOR_INVESTIGATOR_APPROVAL,2026-09-28T02:27:16.509022+00:00,
PMID:41563087,manual_transformations,not_available,not_available,no,AI_independent_evidence_review_FOR_INVESTIGATOR_APPROVAL,2026-09-28T02:27:16.509038+00:00,
PMID:41563087,missing_data_handling,not_available,not_available,no,AI_independent_evidence_review_FOR_INVESTIGATOR_APPROVAL,2026-09-28T02:27:16.509021+00:00,
PMID:41563087,normalization,not_available,not_available,no,AI_independent_evidence_review_FOR_INVESTIGATOR_APPROVAL,2026-09-28T02:27:16.509017+00:00,
PMID:41563087,preprocessing_order,not_available,not_available,no,AI_independent_evidence_review_FOR_INVESTIGATOR_APPROVAL,2026-09-28T02:27:16.509029+00:00,
PMID:41563087,random_seeds,not_available,not_available,no,AI_independent_evidence_review_FOR_INVESTIGATOR_APPROVAL,2026-09-28T02:27:16.509024+00:00,
PMID:41563087,software_versions,not_available,not_available,no,AI_independent_evidence_review_FOR_INVESTIGATOR_APPROVAL,2026-09-28T02:27:16.509036+00:00,
PMID:41563087,stopping_criteria,not_available,not_available,no,AI_independent_evidence_review_FOR_INVESTIGATOR_APPROVAL,2026-09-28T02:27:16.509026+00:00,
PMID:41677189,boundaries,explicit,explicit,no,AI_independent_evidence_review_FOR_INVESTIGATOR_APPROVAL,2026-09-28T02:27:16.509069+00:00,
PMID:41677189,constants_and_thresholds,partial,partial,no,AI_independent_evidence_review_FOR_INVESTIGATOR_APPROVAL,2026-09-28T02:27:16.509066+00:00,
PMID:41677189,defaults,partial,partial,no,AI_independent_evidence_review_FOR_INVESTIGATOR_APPROVAL,2026-09-28T02:27:16.509059+00:00,
PMID:41677189,exclusions,explicit,partial,yes,AI_independent_evidence_review_FOR_INVESTIGATOR_APPROVAL,2026-09-28T02:27:16.509064+00:00,
PMID:41677189,filtering,explicit,explicit,no,AI_independent_evidence_review_FOR_INVESTIGATOR_APPROVAL,2026-09-28T02:27:16.509045+00:00,
PMID:41677189,initialization,partial,partial,no,AI_independent_evidence_review_FOR_INVESTIGATOR_APPROVAL,2026-09-28T02:27:16.509051+00:00,
PMID:41677189,manual_transformations,ambiguous,ambiguous,no,AI_independent_evidence_review_FOR_INVESTIGATOR_APPROVAL,2026-09-28T02:27:16.509075+00:00,
PMID:41677189,missing_data_handling,explicit,explicit,no,AI_independent_evidence_review_FOR_INVESTIGATOR_APPROVAL,2026-09-28T02:27:16.509048+00:00,
PMID:41677189,normalization,explicit,explicit,no,AI_independent_evidence_review_FOR_INVESTIGATOR_APPROVAL,2026-09-28T02:27:16.509042+00:00,
PMID:41677189,preprocessing_order,explicit,explicit,no,AI_independent_evidence_review_FOR_INVESTIGATOR_APPROVAL,2026-09-28T02:27:16.509061+00:00,
PMID:41677189,random_seeds,not_reported,not_reported,no,AI_independent_evidence_review_FOR_INVESTIGATOR_APPROVAL,2026-09-28T02:27:16.509053+00:00,
PMID:41677189,software_versions,not_reported,not_reported,no,AI_independent_evidence_review_FOR_INVESTIGATOR_APPROVAL,2026-09-28T02:27:16.509072+00:00,
PMID:41677189,stopping_criteria,partial,partial,no,AI_independent_evidence_review_FOR_INVESTIGATOR_APPROVAL,2026-09-28T02:27:16.509056+00:00,
