section,paper_id,key,evidence_ref,resolution
A,PMID:33072212,1,primary_adjudication.json,repository_file
A,PMID:33072212,1,PMID/slot=PMID:33072212/1,descriptor
A,PMID:33072212,1,stop_reason=wall_limit,descriptor
A,PMID:33072212,2,primary_adjudication.json,repository_file
A,PMID:33072212,2,PMID/slot=PMID:33072212/2,descriptor
A,PMID:33072212,2,stop_reason=tool_limit,descriptor
A,PMID:33072212,3,primary_adjudication.json,repository_file
A,PMID:33072212,3,PMID/slot=PMID:33072212/3,descriptor
A,PMID:33072212,3,stop_reason=tool_limit,descriptor
A,PMID:34495251,1,primary_adjudication.json,repository_file
A,PMID:34495251,1,PMID/slot=PMID:34495251/1,descriptor
A,PMID:34495251,1,stop_reason=final_report,descriptor
A,PMID:34495251,2,primary_adjudication.json,repository_file
A,PMID:34495251,2,PMID/slot=PMID:34495251/2,descriptor
A,PMID:34495251,2,stop_reason=tool_limit,descriptor
A,PMID:34495251,3,primary_adjudication.json,repository_file
A,PMID:34495251,3,PMID/slot=PMID:34495251/3,descriptor
A,PMID:34495251,3,stop_reason=token_reserve_limit,descriptor
A,PMID:34731224,1,primary_adjudication.json,repository_file
A,PMID:34731224,1,PMID/slot=PMID:34731224/1,descriptor
A,PMID:34731224,1,stop_reason=final_report,descriptor
A,PMID:34731224,2,primary_adjudication.json,repository_file
A,PMID:34731224,2,PMID/slot=PMID:34731224/2,descriptor
A,PMID:34731224,2,stop_reason=final_report,descriptor
A,PMID:34731224,3,primary_adjudication.json,repository_file
A,PMID:34731224,3,PMID/slot=PMID:34731224/3,descriptor
A,PMID:34731224,3,stop_reason=token_reserve_limit,descriptor
A,PMID:39830509,1,primary_adjudication.json,repository_file
A,PMID:39830509,1,PMID/slot=PMID:39830509/1,descriptor
A,PMID:39830509,1,stop_reason=tool_limit,descriptor
A,PMID:39830509,2,controller/event-0053.json,evidence_package_file
A,PMID:39830509,2,controller/event-0065.json,evidence_package_file
A,PMID:39830509,3,primary_adjudication.json,repository_file
A,PMID:39830509,3,PMID/slot=PMID:39830509/3,descriptor
A,PMID:39830509,3,stop_reason=tool_limit,descriptor
A,PMID:39895948,1,primary_adjudication.json,repository_file
A,PMID:39895948,1,PMID/slot=PMID:39895948/1,descriptor
A,PMID:39895948,1,stop_reason=tool_limit,descriptor
A,PMID:39895948,2,primary_adjudication.json,repository_file
A,PMID:39895948,2,PMID/slot=PMID:39895948/2,descriptor
A,PMID:39895948,2,stop_reason=tool_limit,descriptor
A,PMID:39895948,3,primary_adjudication.json,repository_file
A,PMID:39895948,3,PMID/slot=PMID:39895948/3,descriptor
A,PMID:39895948,3,stop_reason=final_report,descriptor
A,PMID:40956867,1,primary_adjudication.json,repository_file
A,PMID:40956867,1,PMID/slot=PMID:40956867/1,descriptor
A,PMID:40956867,1,stop_reason=tool_limit,descriptor
A,PMID:40956867,2,primary_adjudication.json,repository_file
A,PMID:40956867,2,PMID/slot=PMID:40956867/2,descriptor
A,PMID:40956867,2,stop_reason=tool_limit,descriptor
A,PMID:40956867,3,primary_adjudication.json,repository_file
A,PMID:40956867,3,PMID/slot=PMID:40956867/3,descriptor
A,PMID:40956867,3,stop_reason=tool_limit,descriptor
A,PMID:41091855,1,primary_adjudication.json,repository_file
A,PMID:41091855,1,PMID/slot=PMID:41091855/1,descriptor
A,PMID:41091855,1,stop_reason=tool_limit,descriptor
A,PMID:41091855,2,primary_adjudication.json,repository_file
A,PMID:41091855,2,PMID/slot=PMID:41091855/2,descriptor
A,PMID:41091855,2,stop_reason=tool_limit,descriptor
A,PMID:41091855,3,primary_adjudication.json,repository_file
A,PMID:41091855,3,PMID/slot=PMID:41091855/3,descriptor
A,PMID:41091855,3,stop_reason=malformed_action_limit,descriptor
A,PMID:41472739,1,primary_adjudication.json,repository_file
A,PMID:41472739,1,PMID/slot=PMID:41472739/1,descriptor
A,PMID:41472739,1,stop_reason=final_report,descriptor
A,PMID:41472739,2,primary_adjudication.json,repository_file
A,PMID:41472739,2,PMID/slot=PMID:41472739/2,descriptor
A,PMID:41472739,2,stop_reason=final_report,descriptor
A,PMID:41472739,3,primary_adjudication.json,repository_file
A,PMID:41472739,3,PMID/slot=PMID:41472739/3,descriptor
A,PMID:41472739,3,stop_reason=final_report,descriptor
A,PMID:41563087,1,primary_adjudication.json,repository_file
A,PMID:41563087,1,PMID/slot=PMID:41563087/1,descriptor
A,PMID:41563087,1,stop_reason=tool_limit,descriptor
A,PMID:41563087,2,controller/event-0085.json,evidence_package_file
A,PMID:41563087,2,controller/event-0097.json,evidence_package_file
A,PMID:41563087,2,controller/event-0106.json,evidence_package_file
A,PMID:41563087,2,specifications/41563087.json,repository_file
A,PMID:41563087,3,controller/result.json,evidence_package_file
A,PMID:41563087,3,specifications/41563087.json,repository_file
A,PMID:41677189,1,primary_adjudication.json,repository_file
A,PMID:41677189,1,PMID/slot=PMID:41677189/1,descriptor
A,PMID:41677189,1,stop_reason=tool_limit,descriptor
A,PMID:41677189,2,primary_adjudication.json,repository_file
A,PMID:41677189,2,PMID/slot=PMID:41677189/2,descriptor
A,PMID:41677189,2,stop_reason=tool_limit,descriptor
A,PMID:41677189,3,primary_adjudication.json,repository_file
A,PMID:41677189,3,PMID/slot=PMID:41677189/3,descriptor
A,PMID:41677189,3,stop_reason=tool_limit,descriptor
B,PMID:32238776,all_inputs_leak_target,08_NONEXECUTED_90_EVIDENCE/all_inputs_leak_target/32238776/specification.json,evidence_package_file
B,PMID:32238776,all_inputs_leak_target,acquisition.json,evidence_package_file
B,PMID:32238776,all_inputs_leak_target,00_LIGHT_INDEX/TARGET_LEAKAGE_EXTRACTS/,evidence_package_file
B,PMID:32724106,gate_failed_delegated,08_NONEXECUTED_90_EVIDENCE/gate_failed_delegated/32724106/STATE.json,evidence_package_file
B,PMID:32724106,gate_failed_delegated,specification.json,evidence_package_file
B,PMID:32724106,gate_failed_delegated,screen_sources.json,evidence_package_file
B,PMID:32779509,external_reference_resource_required_not_served,08_NONEXECUTED_90_EVIDENCE/external_reference_resource_required_not_served/32779509/STATE.json,evidence_package_file
B,PMID:32779509,external_reference_resource_required_not_served,specification.json,evidence_package_file
B,PMID:32779509,external_reference_resource_required_not_served,screen_sources.json,evidence_package_file
B,PMID:32925947,gate_failed_delegated,08_NONEXECUTED_90_EVIDENCE/gate_failed_delegated/32925947/STATE.json,evidence_package_file
B,PMID:32925947,gate_failed_delegated,specification.json,evidence_package_file
B,PMID:32925947,gate_failed_delegated,screen_sources.json,evidence_package_file
B,PMID:33031384,gate_failed_delegated,08_NONEXECUTED_90_EVIDENCE/gate_failed_delegated/33031384/STATE.json,evidence_package_file
B,PMID:33031384,gate_failed_delegated,specification.json,evidence_package_file
B,PMID:33031384,gate_failed_delegated,screen_sources.json,evidence_package_file
B,PMID:33073517,external_reference_resource_required_not_served,08_NONEXECUTED_90_EVIDENCE/external_reference_resource_required_not_served/33073517/STATE.json,evidence_package_file
B,PMID:33073517,external_reference_resource_required_not_served,specification.json,evidence_package_file
B,PMID:33073517,external_reference_resource_required_not_served,screen_sources.json,evidence_package_file
B,PMID:33110091,external_reference_resource_required_not_served,08_NONEXECUTED_90_EVIDENCE/external_reference_resource_required_not_served/33110091/STATE.json,evidence_package_file
B,PMID:33110091,external_reference_resource_required_not_served,specification.json,evidence_package_file
B,PMID:33110091,external_reference_resource_required_not_served,screen_sources.json,evidence_package_file
B,PMID:33217980,gate_failed_delegated,08_NONEXECUTED_90_EVIDENCE/gate_failed_delegated/33217980/STATE.json,evidence_package_file
B,PMID:33217980,gate_failed_delegated,specification.json,evidence_package_file
B,PMID:33217980,gate_failed_delegated,screen_sources.json,evidence_package_file
B,PMID:33268805,gate_failed_delegated,08_NONEXECUTED_90_EVIDENCE/gate_failed_delegated/33268805/STATE.json,evidence_package_file
B,PMID:33268805,gate_failed_delegated,specification.json,evidence_package_file
B,PMID:33268805,gate_failed_delegated,screen_sources.json,evidence_package_file
B,PMID:33329590,external_reference_resource_required_not_served,08_NONEXECUTED_90_EVIDENCE/external_reference_resource_required_not_served/33329590/STATE.json,evidence_package_file
B,PMID:33329590,external_reference_resource_required_not_served,specification.json,evidence_package_file
B,PMID:33329590,external_reference_resource_required_not_served,screen_sources.json,evidence_package_file
B,PMID:33368254,required_inputs_not_in_public_listing,08_NONEXECUTED_90_EVIDENCE/required_inputs_not_in_public_listing/33368254/STATE.json,evidence_package_file
B,PMID:33368254,required_inputs_not_in_public_listing,specification.json,evidence_package_file
B,PMID:33368254,required_inputs_not_in_public_listing,screen_sources.json,evidence_package_file
B,PMID:33449384,external_reference_resource_required_not_served,08_NONEXECUTED_90_EVIDENCE/external_reference_resource_required_not_served/33449384/STATE.json,evidence_package_file
B,PMID:33449384,external_reference_resource_required_not_served,specification.json,evidence_package_file
B,PMID:33449384,external_reference_resource_required_not_served,screen_sources.json,evidence_package_file
B,PMID:33954783,gate_failed_delegated,08_NONEXECUTED_90_EVIDENCE/gate_failed_delegated/33954783/STATE.json,evidence_package_file
B,PMID:33954783,gate_failed_delegated,specification.json,evidence_package_file
B,PMID:33954783,gate_failed_delegated,screen_sources.json,evidence_package_file
B,PMID:33973299,target_value_not_located_verbatim,08_NONEXECUTED_90_EVIDENCE/target_value_not_located_verbatim/33973299/STATE.json,evidence_package_file
B,PMID:33973299,target_value_not_located_verbatim,specification.json,evidence_package_file
B,PMID:33973299,target_value_not_located_verbatim,screen_sources.json,evidence_package_file
B,PMID:34176322,required_inputs_not_in_public_listing,08_NONEXECUTED_90_EVIDENCE/required_inputs_not_in_public_listing/34176322/STATE.json,evidence_package_file
B,PMID:34176322,required_inputs_not_in_public_listing,specification.json,evidence_package_file
B,PMID:34176322,required_inputs_not_in_public_listing,screen_sources.json,evidence_package_file
B,PMID:34253236,external_reference_resource_required_not_served,08_NONEXECUTED_90_EVIDENCE/external_reference_resource_required_not_served/34253236/STATE.json,evidence_package_file
B,PMID:34253236,external_reference_resource_required_not_served,specification.json,evidence_package_file
B,PMID:34253236,external_reference_resource_required_not_served,screen_sources.json,evidence_package_file
B,PMID:34297924,target_value_not_located_verbatim,08_NONEXECUTED_90_EVIDENCE/target_value_not_located_verbatim/34297924/STATE.json,evidence_package_file
B,PMID:34297924,target_value_not_located_verbatim,specification.json,evidence_package_file
B,PMID:34297924,target_value_not_located_verbatim,screen_sources.json,evidence_package_file
B,PMID:34393665,all_inputs_leak_target,08_NONEXECUTED_90_EVIDENCE/all_inputs_leak_target/34393665/specification.json,evidence_package_file
B,PMID:34393665,all_inputs_leak_target,acquisition.json,evidence_package_file
B,PMID:34393665,all_inputs_leak_target,00_LIGHT_INDEX/TARGET_LEAKAGE_EXTRACTS/,evidence_package_file
B,PMID:34584066,required_inputs_not_in_public_listing,08_NONEXECUTED_90_EVIDENCE/required_inputs_not_in_public_listing/34584066/STATE.json,evidence_package_file
B,PMID:34584066,required_inputs_not_in_public_listing,specification.json,evidence_package_file
B,PMID:34584066,required_inputs_not_in_public_listing,screen_sources.json,evidence_package_file
B,PMID:34624208,gate_failed_delegated,08_NONEXECUTED_90_EVIDENCE/gate_failed_delegated/34624208/STATE.json,evidence_package_file
B,PMID:34624208,gate_failed_delegated,specification.json,evidence_package_file
B,PMID:34624208,gate_failed_delegated,screen_sources.json,evidence_package_file
B,PMID:34716354,all_inputs_leak_target,08_NONEXECUTED_90_EVIDENCE/all_inputs_leak_target/34716354/specification.json,evidence_package_file
B,PMID:34716354,all_inputs_leak_target,acquisition.json,evidence_package_file
B,PMID:34772950,required_inputs_not_in_public_listing,08_NONEXECUTED_90_EVIDENCE/required_inputs_not_in_public_listing/34772950/STATE.json,evidence_package_file
B,PMID:34772950,required_inputs_not_in_public_listing,specification.json,evidence_package_file
B,PMID:34772950,required_inputs_not_in_public_listing,screen_sources.json,evidence_package_file
B,PMID:34783304,all_inputs_leak_target,08_NONEXECUTED_90_EVIDENCE/all_inputs_leak_target/34783304/specification.json,evidence_package_file
B,PMID:34783304,all_inputs_leak_target,acquisition.json,evidence_package_file
B,PMID:34823491,all_inputs_leak_target,08_NONEXECUTED_90_EVIDENCE/all_inputs_leak_target/34823491/specification.json,evidence_package_file
B,PMID:34823491,all_inputs_leak_target,acquisition.json,evidence_package_file
B,PMID:34927191,external_reference_resource_required_not_served,08_NONEXECUTED_90_EVIDENCE/external_reference_resource_required_not_served/34927191/STATE.json,evidence_package_file
B,PMID:34927191,external_reference_resource_required_not_served,specification.json,evidence_package_file
B,PMID:34927191,external_reference_resource_required_not_served,screen_sources.json,evidence_package_file
B,PMID:34944547,gate_failed_delegated,08_NONEXECUTED_90_EVIDENCE/gate_failed_delegated/34944547/STATE.json,evidence_package_file
B,PMID:34944547,gate_failed_delegated,specification.json,evidence_package_file
B,PMID:34944547,gate_failed_delegated,screen_sources.json,evidence_package_file
B,PMID:35074869,external_reference_resource_required_not_served,08_NONEXECUTED_90_EVIDENCE/external_reference_resource_required_not_served/35074869/STATE.json,evidence_package_file
B,PMID:35074869,external_reference_resource_required_not_served,specification.json,evidence_package_file
B,PMID:35074869,external_reference_resource_required_not_served,screen_sources.json,evidence_package_file
B,PMID:35637459,gate_failed_delegated,08_NONEXECUTED_90_EVIDENCE/gate_failed_delegated/35637459/STATE.json,evidence_package_file
B,PMID:35637459,gate_failed_delegated,specification.json,evidence_package_file
B,PMID:35637459,gate_failed_delegated,screen_sources.json,evidence_package_file
B,PMID:35746789,required_inputs_not_in_public_listing,08_NONEXECUTED_90_EVIDENCE/required_inputs_not_in_public_listing/35746789/STATE.json,evidence_package_file
B,PMID:35746789,required_inputs_not_in_public_listing,specification.json,evidence_package_file
B,PMID:35746789,required_inputs_not_in_public_listing,screen_sources.json,evidence_package_file
B,PMID:35762018,all_inputs_leak_target,08_NONEXECUTED_90_EVIDENCE/all_inputs_leak_target/35762018/specification.json,evidence_package_file
B,PMID:35762018,all_inputs_leak_target,acquisition.json,evidence_package_file
B,PMID:35798840,all_inputs_leak_target,08_NONEXECUTED_90_EVIDENCE/all_inputs_leak_target/35798840/specification.json,evidence_package_file
B,PMID:35798840,all_inputs_leak_target,acquisition.json,evidence_package_file
B,PMID:36111561,gate_failed_delegated,08_NONEXECUTED_90_EVIDENCE/gate_failed_delegated/36111561/STATE.json,evidence_package_file
B,PMID:36111561,gate_failed_delegated,specification.json,evidence_package_file
B,PMID:36111561,gate_failed_delegated,screen_sources.json,evidence_package_file
B,PMID:36153311,external_reference_resource_required_not_served,08_NONEXECUTED_90_EVIDENCE/external_reference_resource_required_not_served/36153311/STATE.json,evidence_package_file
B,PMID:36153311,external_reference_resource_required_not_served,specification.json,evidence_package_file
B,PMID:36153311,external_reference_resource_required_not_served,screen_sources.json,evidence_package_file
B,PMID:36156134,required_inputs_not_in_public_listing,08_NONEXECUTED_90_EVIDENCE/required_inputs_not_in_public_listing/36156134/STATE.json,evidence_package_file
B,PMID:36156134,required_inputs_not_in_public_listing,specification.json,evidence_package_file
B,PMID:36156134,required_inputs_not_in_public_listing,screen_sources.json,evidence_package_file
B,PMID:36198779,gate_failed_delegated,08_NONEXECUTED_90_EVIDENCE/gate_failed_delegated/36198779/STATE.json,evidence_package_file
B,PMID:36198779,gate_failed_delegated,specification.json,evidence_package_file
B,PMID:36198779,gate_failed_delegated,screen_sources.json,evidence_package_file
B,PMID:36266291,external_reference_resource_required_not_served,08_NONEXECUTED_90_EVIDENCE/external_reference_resource_required_not_served/36266291/STATE.json,evidence_package_file
B,PMID:36266291,external_reference_resource_required_not_served,specification.json,evidence_package_file
B,PMID:36266291,external_reference_resource_required_not_served,screen_sources.json,evidence_package_file
B,PMID:36305581,gate_failed_delegated,08_NONEXECUTED_90_EVIDENCE/gate_failed_delegated/36305581/STATE.json,evidence_package_file
B,PMID:36305581,gate_failed_delegated,specification.json,evidence_package_file
B,PMID:36305581,gate_failed_delegated,screen_sources.json,evidence_package_file
B,PMID:36307440,no_input_retained,08_NONEXECUTED_90_EVIDENCE/no_input_retained/36307440/STATE.json,evidence_package_file
B,PMID:36307440,no_input_retained,specification.json,evidence_package_file
B,PMID:36307440,no_input_retained,screen_sources.json,evidence_package_file
B,PMID:36307440,no_input_retained,acquisition.json,evidence_package_file
B,PMID:36310873,external_reference_resource_required_not_served,08_NONEXECUTED_90_EVIDENCE/external_reference_resource_required_not_served/36310873/STATE.json,evidence_package_file
B,PMID:36310873,external_reference_resource_required_not_served,specification.json,evidence_package_file
B,PMID:36310873,external_reference_resource_required_not_served,screen_sources.json,evidence_package_file
B,PMID:36323312,required_inputs_not_in_public_listing,08_NONEXECUTED_90_EVIDENCE/required_inputs_not_in_public_listing/36323312/STATE.json,evidence_package_file
B,PMID:36323312,required_inputs_not_in_public_listing,specification.json,evidence_package_file
B,PMID:36323312,required_inputs_not_in_public_listing,screen_sources.json,evidence_package_file
B,PMID:36373930,required_inputs_not_in_public_listing,08_NONEXECUTED_90_EVIDENCE/required_inputs_not_in_public_listing/36373930/STATE.json,evidence_package_file
B,PMID:36373930,required_inputs_not_in_public_listing,specification.json,evidence_package_file
B,PMID:36373930,required_inputs_not_in_public_listing,screen_sources.json,evidence_package_file
B,PMID:36380453,gate_failed_delegated,08_NONEXECUTED_90_EVIDENCE/gate_failed_delegated/36380453/STATE.json,evidence_package_file
B,PMID:36380453,gate_failed_delegated,specification.json,evidence_package_file
B,PMID:36380453,gate_failed_delegated,screen_sources.json,evidence_package_file
B,PMID:36399471,external_reference_resource_required_not_served,08_NONEXECUTED_90_EVIDENCE/external_reference_resource_required_not_served/36399471/STATE.json,evidence_package_file
B,PMID:36399471,external_reference_resource_required_not_served,specification.json,evidence_package_file
B,PMID:36399471,external_reference_resource_required_not_served,screen_sources.json,evidence_package_file
B,PMID:36422202,external_reference_resource_required_not_served,08_NONEXECUTED_90_EVIDENCE/external_reference_resource_required_not_served/36422202/STATE.json,evidence_package_file
B,PMID:36422202,external_reference_resource_required_not_served,specification.json,evidence_package_file
B,PMID:36422202,external_reference_resource_required_not_served,screen_sources.json,evidence_package_file
B,PMID:36469001,required_inputs_not_in_public_listing,08_NONEXECUTED_90_EVIDENCE/required_inputs_not_in_public_listing/36469001/STATE.json,evidence_package_file
B,PMID:36469001,required_inputs_not_in_public_listing,specification.json,evidence_package_file
B,PMID:36469001,required_inputs_not_in_public_listing,screen_sources.json,evidence_package_file
B,PMID:36590690,gate_failed_delegated,08_NONEXECUTED_90_EVIDENCE/gate_failed_delegated/36590690/STATE.json,evidence_package_file
B,PMID:36590690,gate_failed_delegated,specification.json,evidence_package_file
B,PMID:36590690,gate_failed_delegated,screen_sources.json,evidence_package_file
B,PMID:36605200,specification_not_obtained,08_NONEXECUTED_90_EVIDENCE/specification_not_obtained/36605200/STATE.json,evidence_package_file
B,PMID:36605200,specification_not_obtained,specification.json,evidence_package_file
B,PMID:36605200,specification_not_obtained,screen_sources.json,evidence_package_file
B,PMID:37540596,gate_failed_delegated,08_NONEXECUTED_90_EVIDENCE/gate_failed_delegated/37540596/STATE.json,evidence_package_file
B,PMID:37540596,gate_failed_delegated,specification.json,evidence_package_file
B,PMID:37540596,gate_failed_delegated,screen_sources.json,evidence_package_file
B,PMID:37796927,external_reference_resource_required_not_served,08_NONEXECUTED_90_EVIDENCE/external_reference_resource_required_not_served/37796927/STATE.json,evidence_package_file
B,PMID:37796927,external_reference_resource_required_not_served,specification.json,evidence_package_file
B,PMID:37796927,external_reference_resource_required_not_served,screen_sources.json,evidence_package_file
B,PMID:37879938,gate_failed_delegated,08_NONEXECUTED_90_EVIDENCE/gate_failed_delegated/37879938/STATE.json,evidence_package_file
B,PMID:37879938,gate_failed_delegated,specification.json,evidence_package_file
B,PMID:37879938,gate_failed_delegated,screen_sources.json,evidence_package_file
B,PMID:37935364,gate_failed_delegated,08_NONEXECUTED_90_EVIDENCE/gate_failed_delegated/37935364/STATE.json,evidence_package_file
B,PMID:37935364,gate_failed_delegated,specification.json,evidence_package_file
B,PMID:37935364,gate_failed_delegated,screen_sources.json,evidence_package_file
B,PMID:38095636,external_reference_resource_required_not_served,08_NONEXECUTED_90_EVIDENCE/external_reference_resource_required_not_served/38095636/STATE.json,evidence_package_file
B,PMID:38095636,external_reference_resource_required_not_served,specification.json,evidence_package_file
B,PMID:38095636,external_reference_resource_required_not_served,screen_sources.json,evidence_package_file
B,PMID:38164328,required_inputs_not_in_public_listing,08_NONEXECUTED_90_EVIDENCE/required_inputs_not_in_public_listing/38164328/STATE.json,evidence_package_file
B,PMID:38164328,required_inputs_not_in_public_listing,specification.json,evidence_package_file
B,PMID:38164328,required_inputs_not_in_public_listing,screen_sources.json,evidence_package_file
B,PMID:38203551,external_reference_resource_required_not_served,08_NONEXECUTED_90_EVIDENCE/external_reference_resource_required_not_served/38203551/STATE.json,evidence_package_file
B,PMID:38203551,external_reference_resource_required_not_served,specification.json,evidence_package_file
B,PMID:38203551,external_reference_resource_required_not_served,screen_sources.json,evidence_package_file
B,PMID:38813350,all_inputs_leak_target,08_NONEXECUTED_90_EVIDENCE/all_inputs_leak_target/38813350/specification.json,evidence_package_file
B,PMID:38813350,all_inputs_leak_target,acquisition.json,evidence_package_file
B,PMID:39018359,required_inputs_not_in_public_listing,08_NONEXECUTED_90_EVIDENCE/required_inputs_not_in_public_listing/39018359/STATE.json,evidence_package_file
B,PMID:39018359,required_inputs_not_in_public_listing,specification.json,evidence_package_file
B,PMID:39018359,required_inputs_not_in_public_listing,screen_sources.json,evidence_package_file
B,PMID:39333064,required_inputs_not_in_public_listing,08_NONEXECUTED_90_EVIDENCE/required_inputs_not_in_public_listing/39333064/STATE.json,evidence_package_file
B,PMID:39333064,required_inputs_not_in_public_listing,specification.json,evidence_package_file
B,PMID:39333064,required_inputs_not_in_public_listing,screen_sources.json,evidence_package_file
B,PMID:39375688,required_inputs_not_in_public_listing,08_NONEXECUTED_90_EVIDENCE/required_inputs_not_in_public_listing/39375688/STATE.json,evidence_package_file
B,PMID:39375688,required_inputs_not_in_public_listing,specification.json,evidence_package_file
B,PMID:39375688,required_inputs_not_in_public_listing,screen_sources.json,evidence_package_file
B,PMID:39540287,external_reference_resource_required_not_served,08_NONEXECUTED_90_EVIDENCE/external_reference_resource_required_not_served/39540287/STATE.json,evidence_package_file
B,PMID:39540287,external_reference_resource_required_not_served,specification.json,evidence_package_file
B,PMID:39540287,external_reference_resource_required_not_served,screen_sources.json,evidence_package_file
B,PMID:39613774,gate_failed_delegated,08_NONEXECUTED_90_EVIDENCE/gate_failed_delegated/39613774/STATE.json,evidence_package_file
B,PMID:39613774,gate_failed_delegated,specification.json,evidence_package_file
B,PMID:39613774,gate_failed_delegated,screen_sources.json,evidence_package_file
B,PMID:39720891,specification_not_obtained,08_NONEXECUTED_90_EVIDENCE/specification_not_obtained/39720891/STATE.json,evidence_package_file
B,PMID:39720891,specification_not_obtained,specification.json,evidence_package_file
B,PMID:39720891,specification_not_obtained,screen_sources.json,evidence_package_file
B,PMID:39732661,external_reference_resource_required_not_served,08_NONEXECUTED_90_EVIDENCE/external_reference_resource_required_not_served/39732661/STATE.json,evidence_package_file
B,PMID:39732661,external_reference_resource_required_not_served,specification.json,evidence_package_file
B,PMID:39732661,external_reference_resource_required_not_served,screen_sources.json,evidence_package_file
B,PMID:39732836,external_reference_resource_required_not_served,08_NONEXECUTED_90_EVIDENCE/external_reference_resource_required_not_served/39732836/STATE.json,evidence_package_file
B,PMID:39732836,external_reference_resource_required_not_served,specification.json,evidence_package_file
B,PMID:39732836,external_reference_resource_required_not_served,screen_sources.json,evidence_package_file
B,PMID:39816064,gate_failed_delegated,08_NONEXECUTED_90_EVIDENCE/gate_failed_delegated/39816064/STATE.json,evidence_package_file
B,PMID:39816064,gate_failed_delegated,specification.json,evidence_package_file
B,PMID:39816064,gate_failed_delegated,screen_sources.json,evidence_package_file
B,PMID:39902187,external_reference_resource_required_not_served,08_NONEXECUTED_90_EVIDENCE/external_reference_resource_required_not_served/39902187/STATE.json,evidence_package_file
B,PMID:39902187,external_reference_resource_required_not_served,specification.json,evidence_package_file
B,PMID:39902187,external_reference_resource_required_not_served,screen_sources.json,evidence_package_file
B,PMID:40037544,external_reference_resource_required_not_served,08_NONEXECUTED_90_EVIDENCE/external_reference_resource_required_not_served/40037544/STATE.json,evidence_package_file
B,PMID:40037544,external_reference_resource_required_not_served,specification.json,evidence_package_file
B,PMID:40037544,external_reference_resource_required_not_served,screen_sources.json,evidence_package_file
B,PMID:40304046,required_inputs_not_in_public_listing,08_NONEXECUTED_90_EVIDENCE/required_inputs_not_in_public_listing/40304046/STATE.json,evidence_package_file
B,PMID:40304046,required_inputs_not_in_public_listing,specification.json,evidence_package_file
B,PMID:40304046,required_inputs_not_in_public_listing,screen_sources.json,evidence_package_file
B,PMID:40373015,specification_not_obtained,08_NONEXECUTED_90_EVIDENCE/specification_not_obtained/40373015/STATE.json,evidence_package_file
B,PMID:40373015,specification_not_obtained,specification.json,evidence_package_file
B,PMID:40373015,specification_not_obtained,screen_sources.json,evidence_package_file
B,PMID:40604274,gate_failed_delegated,08_NONEXECUTED_90_EVIDENCE/gate_failed_delegated/40604274/STATE.json,evidence_package_file
B,PMID:40604274,gate_failed_delegated,specification.json,evidence_package_file
B,PMID:40604274,gate_failed_delegated,screen_sources.json,evidence_package_file
B,PMID:40685907,specification_not_obtained,08_NONEXECUTED_90_EVIDENCE/specification_not_obtained/40685907/STATE.json,evidence_package_file
B,PMID:40685907,specification_not_obtained,specification.json,evidence_package_file
B,PMID:40685907,specification_not_obtained,screen_sources.json,evidence_package_file
B,PMID:40915917,external_reference_resource_required_not_served,08_NONEXECUTED_90_EVIDENCE/external_reference_resource_required_not_served/40915917/STATE.json,evidence_package_file
B,PMID:40915917,external_reference_resource_required_not_served,specification.json,evidence_package_file
B,PMID:40915917,external_reference_resource_required_not_served,screen_sources.json,evidence_package_file
B,PMID:41104632,specification_not_obtained,08_NONEXECUTED_90_EVIDENCE/specification_not_obtained/41104632/STATE.json,evidence_package_file
B,PMID:41104632,specification_not_obtained,specification.json,evidence_package_file
B,PMID:41104632,specification_not_obtained,screen_sources.json,evidence_package_file
B,PMID:41118575,gate_failed_delegated,08_NONEXECUTED_90_EVIDENCE/gate_failed_delegated/41118575/STATE.json,evidence_package_file
B,PMID:41118575,gate_failed_delegated,specification.json,evidence_package_file
B,PMID:41118575,gate_failed_delegated,screen_sources.json,evidence_package_file
B,PMID:41180196,gate_failed_delegated,08_NONEXECUTED_90_EVIDENCE/gate_failed_delegated/41180196/STATE.json,evidence_package_file
B,PMID:41180196,gate_failed_delegated,specification.json,evidence_package_file
B,PMID:41180196,gate_failed_delegated,screen_sources.json,evidence_package_file
B,PMID:41193996,external_reference_resource_required_not_served,08_NONEXECUTED_90_EVIDENCE/external_reference_resource_required_not_served/41193996/STATE.json,evidence_package_file
B,PMID:41193996,external_reference_resource_required_not_served,specification.json,evidence_package_file
B,PMID:41193996,external_reference_resource_required_not_served,screen_sources.json,evidence_package_file
B,PMID:41219412,specification_not_obtained,08_NONEXECUTED_90_EVIDENCE/specification_not_obtained/41219412/STATE.json,evidence_package_file
B,PMID:41219412,specification_not_obtained,specification.json,evidence_package_file
B,PMID:41219412,specification_not_obtained,screen_sources.json,evidence_package_file
B,PMID:41233595,required_inputs_not_in_public_listing,08_NONEXECUTED_90_EVIDENCE/required_inputs_not_in_public_listing/41233595/STATE.json,evidence_package_file
B,PMID:41233595,required_inputs_not_in_public_listing,specification.json,evidence_package_file
B,PMID:41233595,required_inputs_not_in_public_listing,screen_sources.json,evidence_package_file
B,PMID:41257959,external_reference_resource_required_not_served,08_NONEXECUTED_90_EVIDENCE/external_reference_resource_required_not_served/41257959/STATE.json,evidence_package_file
B,PMID:41257959,external_reference_resource_required_not_served,specification.json,evidence_package_file
B,PMID:41257959,external_reference_resource_required_not_served,screen_sources.json,evidence_package_file
B,PMID:41299027,external_reference_resource_required_not_served,08_NONEXECUTED_90_EVIDENCE/external_reference_resource_required_not_served/41299027/STATE.json,evidence_package_file
B,PMID:41299027,external_reference_resource_required_not_served,specification.json,evidence_package_file
B,PMID:41299027,external_reference_resource_required_not_served,screen_sources.json,evidence_package_file
B,PMID:41306588,external_reference_resource_required_not_served,08_NONEXECUTED_90_EVIDENCE/external_reference_resource_required_not_served/41306588/STATE.json,evidence_package_file
B,PMID:41306588,external_reference_resource_required_not_served,specification.json,evidence_package_file
B,PMID:41306588,external_reference_resource_required_not_served,screen_sources.json,evidence_package_file
B,PMID:41345772,external_reference_resource_required_not_served,08_NONEXECUTED_90_EVIDENCE/external_reference_resource_required_not_served/41345772/STATE.json,evidence_package_file
B,PMID:41345772,external_reference_resource_required_not_served,specification.json,evidence_package_file
B,PMID:41345772,external_reference_resource_required_not_served,screen_sources.json,evidence_package_file
B,PMID:41413899,external_reference_resource_required_not_served,08_NONEXECUTED_90_EVIDENCE/external_reference_resource_required_not_served/41413899/STATE.json,evidence_package_file
B,PMID:41413899,external_reference_resource_required_not_served,specification.json,evidence_package_file
B,PMID:41413899,external_reference_resource_required_not_served,screen_sources.json,evidence_package_file
B,PMID:41442027,gate_failed_delegated,08_NONEXECUTED_90_EVIDENCE/gate_failed_delegated/41442027/STATE.json,evidence_package_file
B,PMID:41442027,gate_failed_delegated,specification.json,evidence_package_file
B,PMID:41442027,gate_failed_delegated,screen_sources.json,evidence_package_file
B,PMID:41450535,all_inputs_leak_target,08_NONEXECUTED_90_EVIDENCE/all_inputs_leak_target/41450535/specification.json,evidence_package_file
B,PMID:41450535,all_inputs_leak_target,acquisition.json,evidence_package_file
B,PMID:41454187,target_value_not_located_verbatim,08_NONEXECUTED_90_EVIDENCE/target_value_not_located_verbatim/41454187/STATE.json,evidence_package_file
B,PMID:41454187,target_value_not_located_verbatim,specification.json,evidence_package_file
B,PMID:41454187,target_value_not_located_verbatim,screen_sources.json,evidence_package_file
B,PMID:41460829,target_value_not_located_verbatim,08_NONEXECUTED_90_EVIDENCE/target_value_not_located_verbatim/41460829/STATE.json,evidence_package_file
B,PMID:41460829,target_value_not_located_verbatim,specification.json,evidence_package_file
B,PMID:41460829,target_value_not_located_verbatim,screen_sources.json,evidence_package_file
B,PMID:41469386,all_inputs_leak_target,08_NONEXECUTED_90_EVIDENCE/all_inputs_leak_target/41469386/specification.json,evidence_package_file
B,PMID:41469386,all_inputs_leak_target,acquisition.json,evidence_package_file
B,PMID:41472734,required_inputs_not_in_public_listing,08_NONEXECUTED_90_EVIDENCE/required_inputs_not_in_public_listing/41472734/STATE.json,evidence_package_file
B,PMID:41472734,required_inputs_not_in_public_listing,specification.json,evidence_package_file
B,PMID:41472734,required_inputs_not_in_public_listing,screen_sources.json,evidence_package_file
B,PMID:41502527,specification_not_obtained,08_NONEXECUTED_90_EVIDENCE/specification_not_obtained/41502527/STATE.json,evidence_package_file
B,PMID:41502527,specification_not_obtained,specification.json,evidence_package_file
B,PMID:41502527,specification_not_obtained,screen_sources.json,evidence_package_file
B,PMID:41573549,gate_failed_delegated,08_NONEXECUTED_90_EVIDENCE/gate_failed_delegated/41573549/STATE.json,evidence_package_file
B,PMID:41573549,gate_failed_delegated,specification.json,evidence_package_file
B,PMID:41573549,gate_failed_delegated,screen_sources.json,evidence_package_file
C,PMID:41032336,primary_plus_second_pass,09_G1G5_PILOT_AND_CANDIDATE_HISTORY/records/devin_primary_G1_G5_20260923.json,evidence_package_file
C,PMID:41032336,primary_plus_second_pass,devin_second_pass_G1_G5_20260924.json,evidence_package_file
C,PMID:41032336,primary_plus_second_pass,S0082,segment_id
C,PMID:36493775,primary_plus_second_pass,09_G1G5_PILOT_AND_CANDIDATE_HISTORY/records/devin_primary_G1_G5_20260923.json,evidence_package_file
C,PMID:36493775,primary_plus_second_pass,devin_second_pass_G1_G5_20260924.json,evidence_package_file
C,PMID:36493775,primary_plus_second_pass,S0408,segment_id
C,PMID:39730532,primary_plus_second_pass,09_G1G5_PILOT_AND_CANDIDATE_HISTORY/records/devin_primary_G1_G5_20260923.json,evidence_package_file
C,PMID:39730532,primary_plus_second_pass,devin_second_pass_G1_G5_20260924.json,evidence_package_file
C,PMID:39730532,primary_plus_second_pass,S0112,segment_id
C,PMID:36358920,primary_plus_second_pass,09_G1G5_PILOT_AND_CANDIDATE_HISTORY/records/devin_primary_G1_G5_20260923.json,evidence_package_file
C,PMID:36358920,primary_plus_second_pass,devin_second_pass_G1_G5_20260924.json,evidence_package_file
C,PMID:36358920,primary_plus_second_pass,S0141,segment_id
C,PMID:34031721,primary_plus_second_pass,09_G1G5_PILOT_AND_CANDIDATE_HISTORY/records/devin_primary_G1_G5_20260923.json,evidence_package_file
C,PMID:34031721,primary_plus_second_pass,devin_second_pass_G1_G5_20260924.json,evidence_package_file
C,PMID:34031721,primary_plus_second_pass,S0085,segment_id
C,PMID:33574863,primary_plus_second_pass,09_G1G5_PILOT_AND_CANDIDATE_HISTORY/records/devin_primary_G1_G5_20260923.json,evidence_package_file
C,PMID:33574863,primary_plus_second_pass,devin_second_pass_G1_G5_20260924.json,evidence_package_file
C,PMID:33574863,primary_plus_second_pass,S0034,segment_id
C,PMID:40496022,primary_plus_second_pass,09_G1G5_PILOT_AND_CANDIDATE_HISTORY/records/devin_primary_G1_G5_20260923.json,evidence_package_file
C,PMID:40496022,primary_plus_second_pass,devin_second_pass_G1_G5_20260924.json,evidence_package_file
C,PMID:40496022,primary_plus_second_pass,S0133,segment_id
C,PMID:41497311,primary_plus_second_pass,09_G1G5_PILOT_AND_CANDIDATE_HISTORY/records/devin_primary_G1_G5_20260923.json,evidence_package_file
C,PMID:41497311,primary_plus_second_pass,devin_second_pass_G1_G5_20260924.json,evidence_package_file
C,PMID:41497311,primary_plus_second_pass,S0132,segment_id
C,PMID:33584682,primary_plus_second_pass,09_G1G5_PILOT_AND_CANDIDATE_HISTORY/records/devin_primary_G1_G5_20260923.json,evidence_package_file
C,PMID:33584682,primary_plus_second_pass,devin_second_pass_G1_G5_20260924.json,evidence_package_file
C,PMID:33584682,primary_plus_second_pass,S0267,segment_id
C,PMID:36409083,primary_plus_second_pass,09_G1G5_PILOT_AND_CANDIDATE_HISTORY/records/devin_primary_G1_G5_20260923.json,evidence_package_file
C,PMID:36409083,primary_plus_second_pass,devin_second_pass_G1_G5_20260924.json,evidence_package_file
C,PMID:36409083,primary_plus_second_pass,S0112,segment_id
C,PMID:39472468,primary_plus_second_pass,09_G1G5_PILOT_AND_CANDIDATE_HISTORY/records/devin_primary_G1_G5_20260923.json,evidence_package_file
C,PMID:39472468,primary_plus_second_pass,devin_second_pass_G1_G5_20260924.json,evidence_package_file
C,PMID:39472468,primary_plus_second_pass,S0145,segment_id
C,PMID:36493775,access_layer,09_G1G5_PILOT_AND_CANDIDATE_HISTORY/records/accessibility_gate_failed_20260924.json,evidence_package_file
C,PMID:36358920,access_layer,09_G1G5_PILOT_AND_CANDIDATE_HISTORY/records/accessibility_gate_failed_20260924.json,evidence_package_file
C,PMID:39730532,access_layer,09_G1G5_PILOT_AND_CANDIDATE_HISTORY/records/accessibility_gate_failed_20260924.json,evidence_package_file
C,PMID:36409083,access_layer,09_G1G5_PILOT_AND_CANDIDATE_HISTORY/records/accessibility_gate_failed_20260924.json,evidence_package_file
C,PMID:39472468,access_layer,09_G1G5_PILOT_AND_CANDIDATE_HISTORY/records/accessibility_gate_failed_20260924.json,evidence_package_file
C,PMID:34031721,access_layer,09_G1G5_PILOT_AND_CANDIDATE_HISTORY/records/accessibility_gate_failed_20260924.json,evidence_package_file
C,PMID:33584682,access_layer,09_G1G5_PILOT_AND_CANDIDATE_HISTORY/records/accessibility_gate_failed_20260924.json,evidence_package_file
C,PMID:33016314,pilot,09_G1G5_PILOT_AND_CANDIDATE_HISTORY/records/pilot_prospective_freeze_20260925.json,evidence_package_file
C,PMID:35003117,pilot,09_G1G5_PILOT_AND_CANDIDATE_HISTORY/records/pilot_prospective_freeze_20260925.json,evidence_package_file
C,PMID:41444829,pilot,09_G1G5_PILOT_AND_CANDIDATE_HISTORY/records/pilot_prospective_freeze_20260925.json,evidence_package_file
C,PMID:36286480,pilot,09_G1G5_PILOT_AND_CANDIDATE_HISTORY/records/pilot_prospective_freeze_20260925.json,evidence_package_file
C,PMID:35388942,pilot,09_G1G5_PILOT_AND_CANDIDATE_HISTORY/records/pilot_prospective_freeze_20260925.json,evidence_package_file
C,PMID:35767539,pilot,09_G1G5_PILOT_AND_CANDIDATE_HISTORY/records/pilot_prospective_freeze_20260925.json,evidence_package_file
C,PMID:35136578,pilot,09_G1G5_PILOT_AND_CANDIDATE_HISTORY/records/pilot_prospective_freeze_20260925.json,evidence_package_file
E,PMID:33072212,normalization,observations.json,repository_file
E,PMID:33072212,normalization,reveal_ledger.json,repository_file
E,PMID:33072212,filtering,observations.json,repository_file
E,PMID:33072212,filtering,reveal_ledger.json,repository_file
E,PMID:33072212,missing_data_handling,observations.json,repository_file
E,PMID:33072212,missing_data_handling,reveal_ledger.json,repository_file
E,PMID:33072212,initialization,observations.json,repository_file
E,PMID:33072212,initialization,reveal_ledger.json,repository_file
E,PMID:33072212,random_seeds,observations.json,repository_file
E,PMID:33072212,random_seeds,reveal_ledger.json,repository_file
E,PMID:33072212,stopping_criteria,observations.json,repository_file
E,PMID:33072212,stopping_criteria,reveal_ledger.json,repository_file
E,PMID:33072212,defaults,observations.json,repository_file
E,PMID:33072212,defaults,reveal_ledger.json,repository_file
E,PMID:33072212,preprocessing_order,observations.json,repository_file
E,PMID:33072212,preprocessing_order,reveal_ledger.json,repository_file
E,PMID:33072212,exclusions,observations.json,repository_file
E,PMID:33072212,exclusions,reveal_ledger.json,repository_file
E,PMID:33072212,constants_and_thresholds,observations.json,repository_file
E,PMID:33072212,constants_and_thresholds,reveal_ledger.json,repository_file
E,PMID:33072212,boundaries,observations.json,repository_file
E,PMID:33072212,boundaries,reveal_ledger.json,repository_file
E,PMID:33072212,software_versions,observations.json,repository_file
E,PMID:33072212,software_versions,reveal_ledger.json,repository_file
E,PMID:33072212,manual_transformations,observations.json,repository_file
E,PMID:33072212,manual_transformations,reveal_ledger.json,repository_file
E,PMID:34495251,normalization,observations.json,repository_file
E,PMID:34495251,normalization,reveal_ledger.json,repository_file
E,PMID:34495251,filtering,observations.json,repository_file
E,PMID:34495251,filtering,reveal_ledger.json,repository_file
E,PMID:34495251,missing_data_handling,observations.json,repository_file
E,PMID:34495251,missing_data_handling,reveal_ledger.json,repository_file
E,PMID:34495251,initialization,observations.json,repository_file
E,PMID:34495251,initialization,reveal_ledger.json,repository_file
E,PMID:34495251,random_seeds,observations.json,repository_file
E,PMID:34495251,random_seeds,reveal_ledger.json,repository_file
E,PMID:34495251,stopping_criteria,observations.json,repository_file
E,PMID:34495251,stopping_criteria,reveal_ledger.json,repository_file
E,PMID:34495251,defaults,observations.json,repository_file
E,PMID:34495251,defaults,reveal_ledger.json,repository_file
E,PMID:34495251,preprocessing_order,observations.json,repository_file
E,PMID:34495251,preprocessing_order,reveal_ledger.json,repository_file
E,PMID:34495251,exclusions,observations.json,repository_file
E,PMID:34495251,exclusions,reveal_ledger.json,repository_file
E,PMID:34495251,constants_and_thresholds,observations.json,repository_file
E,PMID:34495251,constants_and_thresholds,reveal_ledger.json,repository_file
E,PMID:34495251,boundaries,observations.json,repository_file
E,PMID:34495251,boundaries,reveal_ledger.json,repository_file
E,PMID:34495251,software_versions,observations.json,repository_file
E,PMID:34495251,software_versions,reveal_ledger.json,repository_file
E,PMID:34495251,manual_transformations,observations.json,repository_file
E,PMID:34495251,manual_transformations,reveal_ledger.json,repository_file
E,PMID:34731224,normalization,observations.json,repository_file
E,PMID:34731224,normalization,reveal_ledger.json,repository_file
E,PMID:34731224,filtering,observations.json,repository_file
E,PMID:34731224,filtering,reveal_ledger.json,repository_file
E,PMID:34731224,missing_data_handling,observations.json,repository_file
E,PMID:34731224,missing_data_handling,reveal_ledger.json,repository_file
E,PMID:34731224,initialization,observations.json,repository_file
E,PMID:34731224,initialization,reveal_ledger.json,repository_file
E,PMID:34731224,random_seeds,observations.json,repository_file
E,PMID:34731224,random_seeds,reveal_ledger.json,repository_file
E,PMID:34731224,stopping_criteria,observations.json,repository_file
E,PMID:34731224,stopping_criteria,reveal_ledger.json,repository_file
E,PMID:34731224,defaults,observations.json,repository_file
E,PMID:34731224,defaults,reveal_ledger.json,repository_file
E,PMID:34731224,preprocessing_order,observations.json,repository_file
E,PMID:34731224,preprocessing_order,reveal_ledger.json,repository_file
E,PMID:34731224,exclusions,observations.json,repository_file
E,PMID:34731224,exclusions,reveal_ledger.json,repository_file
E,PMID:34731224,constants_and_thresholds,observations.json,repository_file
E,PMID:34731224,constants_and_thresholds,reveal_ledger.json,repository_file
E,PMID:34731224,boundaries,observations.json,repository_file
E,PMID:34731224,boundaries,reveal_ledger.json,repository_file
E,PMID:34731224,software_versions,observations.json,repository_file
E,PMID:34731224,software_versions,reveal_ledger.json,repository_file
E,PMID:34731224,manual_transformations,observations.json,repository_file
E,PMID:34731224,manual_transformations,reveal_ledger.json,repository_file
E,PMID:39830509,normalization,observations.json,repository_file
E,PMID:39830509,normalization,reveal_ledger.json,repository_file
E,PMID:39830509,filtering,observations.json,repository_file
E,PMID:39830509,filtering,reveal_ledger.json,repository_file
E,PMID:39830509,missing_data_handling,observations.json,repository_file
E,PMID:39830509,missing_data_handling,reveal_ledger.json,repository_file
E,PMID:39830509,initialization,observations.json,repository_file
E,PMID:39830509,initialization,reveal_ledger.json,repository_file
E,PMID:39830509,random_seeds,observations.json,repository_file
E,PMID:39830509,random_seeds,reveal_ledger.json,repository_file
E,PMID:39830509,stopping_criteria,observations.json,repository_file
E,PMID:39830509,stopping_criteria,reveal_ledger.json,repository_file
E,PMID:39830509,defaults,observations.json,repository_file
E,PMID:39830509,defaults,reveal_ledger.json,repository_file
E,PMID:39830509,preprocessing_order,observations.json,repository_file
E,PMID:39830509,preprocessing_order,reveal_ledger.json,repository_file
E,PMID:39830509,exclusions,observations.json,repository_file
E,PMID:39830509,exclusions,reveal_ledger.json,repository_file
E,PMID:39830509,constants_and_thresholds,observations.json,repository_file
E,PMID:39830509,constants_and_thresholds,reveal_ledger.json,repository_file
E,PMID:39830509,boundaries,observations.json,repository_file
E,PMID:39830509,boundaries,reveal_ledger.json,repository_file
E,PMID:39830509,software_versions,observations.json,repository_file
E,PMID:39830509,software_versions,reveal_ledger.json,repository_file
E,PMID:39830509,manual_transformations,observations.json,repository_file
E,PMID:39830509,manual_transformations,reveal_ledger.json,repository_file
E,PMID:39895948,normalization,observations.json,repository_file
E,PMID:39895948,normalization,reveal_ledger.json,repository_file
E,PMID:39895948,filtering,observations.json,repository_file
E,PMID:39895948,filtering,reveal_ledger.json,repository_file
E,PMID:39895948,missing_data_handling,observations.json,repository_file
E,PMID:39895948,missing_data_handling,reveal_ledger.json,repository_file
E,PMID:39895948,initialization,observations.json,repository_file
E,PMID:39895948,initialization,reveal_ledger.json,repository_file
E,PMID:39895948,random_seeds,observations.json,repository_file
E,PMID:39895948,random_seeds,reveal_ledger.json,repository_file
E,PMID:39895948,stopping_criteria,observations.json,repository_file
E,PMID:39895948,stopping_criteria,reveal_ledger.json,repository_file
E,PMID:39895948,defaults,observations.json,repository_file
E,PMID:39895948,defaults,reveal_ledger.json,repository_file
E,PMID:39895948,preprocessing_order,observations.json,repository_file
E,PMID:39895948,preprocessing_order,reveal_ledger.json,repository_file
E,PMID:39895948,exclusions,observations.json,repository_file
E,PMID:39895948,exclusions,reveal_ledger.json,repository_file
E,PMID:39895948,constants_and_thresholds,observations.json,repository_file
E,PMID:39895948,constants_and_thresholds,reveal_ledger.json,repository_file
E,PMID:39895948,boundaries,observations.json,repository_file
E,PMID:39895948,boundaries,reveal_ledger.json,repository_file
E,PMID:39895948,software_versions,observations.json,repository_file
E,PMID:39895948,software_versions,reveal_ledger.json,repository_file
E,PMID:39895948,manual_transformations,observations.json,repository_file
E,PMID:39895948,manual_transformations,reveal_ledger.json,repository_file
E,PMID:40956867,normalization,observations.json,repository_file
E,PMID:40956867,normalization,github:VivaswatS/feems@7ff9cc8,descriptor
E,PMID:40956867,normalization,github:NovembreLab/feems@main,descriptor
E,PMID:40956867,normalization,github:VivaswatS/feems@admixture_edge,descriptor
E,PMID:40956867,filtering,observations.json,repository_file
E,PMID:40956867,filtering,github:VivaswatS/feems@7ff9cc8,descriptor
E,PMID:40956867,filtering,github:NovembreLab/feems@main,descriptor
E,PMID:40956867,filtering,github:VivaswatS/feems@admixture_edge,descriptor
E,PMID:40956867,missing_data_handling,observations.json,repository_file
E,PMID:40956867,missing_data_handling,github:VivaswatS/feems@7ff9cc8,descriptor
E,PMID:40956867,missing_data_handling,github:NovembreLab/feems@main,descriptor
E,PMID:40956867,missing_data_handling,github:VivaswatS/feems@admixture_edge,descriptor
E,PMID:40956867,initialization,observations.json,repository_file
E,PMID:40956867,initialization,github:VivaswatS/feems@7ff9cc8,descriptor
E,PMID:40956867,initialization,github:NovembreLab/feems@main,descriptor
E,PMID:40956867,initialization,github:VivaswatS/feems@admixture_edge,descriptor
E,PMID:40956867,random_seeds,observations.json,repository_file
E,PMID:40956867,random_seeds,github:VivaswatS/feems@7ff9cc8,descriptor
E,PMID:40956867,random_seeds,github:NovembreLab/feems@main,descriptor
E,PMID:40956867,random_seeds,github:VivaswatS/feems@admixture_edge,descriptor
E,PMID:40956867,stopping_criteria,observations.json,repository_file
E,PMID:40956867,stopping_criteria,github:VivaswatS/feems@7ff9cc8,descriptor
E,PMID:40956867,stopping_criteria,github:NovembreLab/feems@main,descriptor
E,PMID:40956867,stopping_criteria,github:VivaswatS/feems@admixture_edge,descriptor
E,PMID:40956867,defaults,observations.json,repository_file
E,PMID:40956867,defaults,github:VivaswatS/feems@7ff9cc8,descriptor
E,PMID:40956867,defaults,github:NovembreLab/feems@main,descriptor
E,PMID:40956867,defaults,github:VivaswatS/feems@admixture_edge,descriptor
E,PMID:40956867,preprocessing_order,observations.json,repository_file
E,PMID:40956867,preprocessing_order,github:VivaswatS/feems@7ff9cc8,descriptor
E,PMID:40956867,preprocessing_order,github:NovembreLab/feems@main,descriptor
E,PMID:40956867,preprocessing_order,github:VivaswatS/feems@admixture_edge,descriptor
E,PMID:40956867,exclusions,observations.json,repository_file
E,PMID:40956867,exclusions,github:VivaswatS/feems@7ff9cc8,descriptor
E,PMID:40956867,exclusions,github:NovembreLab/feems@main,descriptor
E,PMID:40956867,exclusions,github:VivaswatS/feems@admixture_edge,descriptor
E,PMID:40956867,constants_and_thresholds,observations.json,repository_file
E,PMID:40956867,constants_and_thresholds,github:VivaswatS/feems@7ff9cc8,descriptor
E,PMID:40956867,constants_and_thresholds,github:NovembreLab/feems@main,descriptor
E,PMID:40956867,constants_and_thresholds,github:VivaswatS/feems@admixture_edge,descriptor
E,PMID:40956867,boundaries,observations.json,repository_file
E,PMID:40956867,boundaries,github:VivaswatS/feems@7ff9cc8,descriptor
E,PMID:40956867,boundaries,github:NovembreLab/feems@main,descriptor
E,PMID:40956867,boundaries,github:VivaswatS/feems@admixture_edge,descriptor
E,PMID:40956867,software_versions,observations.json,repository_file
E,PMID:40956867,software_versions,github:VivaswatS/feems@7ff9cc8,descriptor
E,PMID:40956867,software_versions,github:NovembreLab/feems@main,descriptor
E,PMID:40956867,software_versions,github:VivaswatS/feems@admixture_edge,descriptor
E,PMID:40956867,manual_transformations,observations.json,repository_file
E,PMID:40956867,manual_transformations,github:VivaswatS/feems@7ff9cc8,descriptor
E,PMID:40956867,manual_transformations,github:NovembreLab/feems@main,descriptor
E,PMID:40956867,manual_transformations,github:VivaswatS/feems@admixture_edge,descriptor
E,PMID:41091855,normalization,observations.json,repository_file
E,PMID:41091855,normalization,zenodo:17186083:run_analysis.R,descriptor
E,PMID:41091855,normalization,zenodo:17186083:QTrait.r,descriptor
E,PMID:41091855,filtering,observations.json,repository_file
E,PMID:41091855,filtering,zenodo:17186083:run_analysis.R,descriptor
E,PMID:41091855,filtering,zenodo:17186083:QTrait.r,descriptor
E,PMID:41091855,missing_data_handling,observations.json,repository_file
E,PMID:41091855,missing_data_handling,zenodo:17186083:run_analysis.R,descriptor
E,PMID:41091855,missing_data_handling,zenodo:17186083:QTrait.r,descriptor
E,PMID:41091855,initialization,observations.json,repository_file
E,PMID:41091855,initialization,zenodo:17186083:run_analysis.R,descriptor
E,PMID:41091855,initialization,zenodo:17186083:QTrait.r,descriptor
E,PMID:41091855,random_seeds,observations.json,repository_file
E,PMID:41091855,random_seeds,zenodo:17186083:run_analysis.R,descriptor
E,PMID:41091855,random_seeds,zenodo:17186083:QTrait.r,descriptor
E,PMID:41091855,stopping_criteria,observations.json,repository_file
E,PMID:41091855,stopping_criteria,zenodo:17186083:run_analysis.R,descriptor
E,PMID:41091855,stopping_criteria,zenodo:17186083:QTrait.r,descriptor
E,PMID:41091855,defaults,observations.json,repository_file
E,PMID:41091855,defaults,zenodo:17186083:run_analysis.R,descriptor
E,PMID:41091855,defaults,zenodo:17186083:QTrait.r,descriptor
E,PMID:41091855,preprocessing_order,observations.json,repository_file
E,PMID:41091855,preprocessing_order,zenodo:17186083:run_analysis.R,descriptor
E,PMID:41091855,preprocessing_order,zenodo:17186083:QTrait.r,descriptor
E,PMID:41091855,exclusions,observations.json,repository_file
E,PMID:41091855,exclusions,zenodo:17186083:run_analysis.R,descriptor
E,PMID:41091855,exclusions,zenodo:17186083:QTrait.r,descriptor
E,PMID:41091855,constants_and_thresholds,observations.json,repository_file
E,PMID:41091855,constants_and_thresholds,zenodo:17186083:run_analysis.R,descriptor
E,PMID:41091855,constants_and_thresholds,zenodo:17186083:QTrait.r,descriptor
E,PMID:41091855,boundaries,observations.json,repository_file
E,PMID:41091855,boundaries,zenodo:17186083:run_analysis.R,descriptor
E,PMID:41091855,boundaries,zenodo:17186083:QTrait.r,descriptor
E,PMID:41091855,software_versions,observations.json,repository_file
E,PMID:41091855,software_versions,zenodo:17186083:run_analysis.R,descriptor
E,PMID:41091855,software_versions,zenodo:17186083:QTrait.r,descriptor
E,PMID:41091855,manual_transformations,observations.json,repository_file
E,PMID:41091855,manual_transformations,zenodo:17186083:run_analysis.R,descriptor
E,PMID:41091855,manual_transformations,zenodo:17186083:QTrait.r,descriptor
E,PMID:41472739,normalization,observations.json,repository_file
E,PMID:41472739,normalization,reveal_ledger.json,repository_file
E,PMID:41472739,filtering,observations.json,repository_file
E,PMID:41472739,filtering,reveal_ledger.json,repository_file
E,PMID:41472739,missing_data_handling,observations.json,repository_file
E,PMID:41472739,missing_data_handling,reveal_ledger.json,repository_file
E,PMID:41472739,initialization,observations.json,repository_file
E,PMID:41472739,initialization,reveal_ledger.json,repository_file
E,PMID:41472739,random_seeds,observations.json,repository_file
E,PMID:41472739,random_seeds,reveal_ledger.json,repository_file
E,PMID:41472739,stopping_criteria,observations.json,repository_file
E,PMID:41472739,stopping_criteria,reveal_ledger.json,repository_file
E,PMID:41472739,defaults,observations.json,repository_file
E,PMID:41472739,defaults,reveal_ledger.json,repository_file
E,PMID:41472739,preprocessing_order,observations.json,repository_file
E,PMID:41472739,preprocessing_order,reveal_ledger.json,repository_file
E,PMID:41472739,exclusions,observations.json,repository_file
E,PMID:41472739,exclusions,reveal_ledger.json,repository_file
E,PMID:41472739,constants_and_thresholds,observations.json,repository_file
E,PMID:41472739,constants_and_thresholds,reveal_ledger.json,repository_file
E,PMID:41472739,boundaries,observations.json,repository_file
E,PMID:41472739,boundaries,reveal_ledger.json,repository_file
E,PMID:41472739,software_versions,observations.json,repository_file
E,PMID:41472739,software_versions,reveal_ledger.json,repository_file
E,PMID:41472739,manual_transformations,observations.json,repository_file
E,PMID:41472739,manual_transformations,reveal_ledger.json,repository_file
E,PMID:41563087,normalization,observations.json,repository_file
E,PMID:41563087,normalization,reveal_ledger.json,repository_file
E,PMID:41563087,filtering,observations.json,repository_file
E,PMID:41563087,filtering,reveal_ledger.json,repository_file
E,PMID:41563087,missing_data_handling,observations.json,repository_file
E,PMID:41563087,missing_data_handling,reveal_ledger.json,repository_file
E,PMID:41563087,initialization,observations.json,repository_file
E,PMID:41563087,initialization,reveal_ledger.json,repository_file
E,PMID:41563087,random_seeds,observations.json,repository_file
E,PMID:41563087,random_seeds,reveal_ledger.json,repository_file
E,PMID:41563087,stopping_criteria,observations.json,repository_file
E,PMID:41563087,stopping_criteria,reveal_ledger.json,repository_file
E,PMID:41563087,defaults,observations.json,repository_file
E,PMID:41563087,defaults,reveal_ledger.json,repository_file
E,PMID:41563087,preprocessing_order,observations.json,repository_file
E,PMID:41563087,preprocessing_order,reveal_ledger.json,repository_file
E,PMID:41563087,exclusions,observations.json,repository_file
E,PMID:41563087,exclusions,reveal_ledger.json,repository_file
E,PMID:41563087,constants_and_thresholds,observations.json,repository_file
E,PMID:41563087,constants_and_thresholds,reveal_ledger.json,repository_file
E,PMID:41563087,boundaries,observations.json,repository_file
E,PMID:41563087,boundaries,reveal_ledger.json,repository_file
E,PMID:41563087,software_versions,observations.json,repository_file
E,PMID:41563087,software_versions,reveal_ledger.json,repository_file
E,PMID:41563087,manual_transformations,observations.json,repository_file
E,PMID:41563087,manual_transformations,reveal_ledger.json,repository_file
E,PMID:41677189,normalization,observations.json,repository_file
E,PMID:41677189,normalization,github:SuzukiLabTAMU/ERSAtool@aff34c6,descriptor
E,PMID:41677189,filtering,observations.json,repository_file
E,PMID:41677189,filtering,github:SuzukiLabTAMU/ERSAtool@aff34c6,descriptor
E,PMID:41677189,missing_data_handling,observations.json,repository_file
E,PMID:41677189,missing_data_handling,github:SuzukiLabTAMU/ERSAtool@aff34c6,descriptor
E,PMID:41677189,initialization,observations.json,repository_file
E,PMID:41677189,initialization,github:SuzukiLabTAMU/ERSAtool@aff34c6,descriptor
E,PMID:41677189,random_seeds,observations.json,repository_file
E,PMID:41677189,random_seeds,github:SuzukiLabTAMU/ERSAtool@aff34c6,descriptor
E,PMID:41677189,stopping_criteria,observations.json,repository_file
E,PMID:41677189,stopping_criteria,github:SuzukiLabTAMU/ERSAtool@aff34c6,descriptor
E,PMID:41677189,defaults,observations.json,repository_file
E,PMID:41677189,defaults,github:SuzukiLabTAMU/ERSAtool@aff34c6,descriptor
E,PMID:41677189,preprocessing_order,observations.json,repository_file
E,PMID:41677189,preprocessing_order,github:SuzukiLabTAMU/ERSAtool@aff34c6,descriptor
E,PMID:41677189,exclusions,observations.json,repository_file
E,PMID:41677189,exclusions,github:SuzukiLabTAMU/ERSAtool@aff34c6,descriptor
E,PMID:41677189,constants_and_thresholds,observations.json,repository_file
E,PMID:41677189,constants_and_thresholds,github:SuzukiLabTAMU/ERSAtool@aff34c6,descriptor
E,PMID:41677189,boundaries,observations.json,repository_file
E,PMID:41677189,boundaries,github:SuzukiLabTAMU/ERSAtool@aff34c6,descriptor
E,PMID:41677189,software_versions,observations.json,repository_file
E,PMID:41677189,software_versions,github:SuzukiLabTAMU/ERSAtool@aff34c6,descriptor
E,PMID:41677189,manual_transformations,observations.json,repository_file
E,PMID:41677189,manual_transformations,github:SuzukiLabTAMU/ERSAtool@aff34c6,descriptor
