paper_id,dimension,recorded_completeness,agree,corrected_completeness,evidence_ref,rationale,reviewed_at_utc,reviewer_id
PMID:33072212,normalization,not_available,yes,,observations.json; reveal_ledger.json,元コードrouteがpublication内で同定されずreveal assessment=missing。dimensionはnot_availableとして扱い、記述品質のnegative findingにはしない。,2026-09-28T02:27:16.508738+00:00,AI_independent_evidence_review_FOR_INVESTIGATOR_APPROVAL
PMID:33072212,filtering,not_available,yes,,observations.json; reveal_ledger.json,元コードrouteがpublication内で同定されずreveal assessment=missing。dimensionはnot_availableとして扱い、記述品質のnegative findingにはしない。,2026-09-28T02:27:16.508755+00:00,AI_independent_evidence_review_FOR_INVESTIGATOR_APPROVAL
PMID:33072212,missing_data_handling,not_available,yes,,observations.json; reveal_ledger.json,元コードrouteがpublication内で同定されずreveal assessment=missing。dimensionはnot_availableとして扱い、記述品質のnegative findingにはしない。,2026-09-28T02:27:16.508758+00:00,AI_independent_evidence_review_FOR_INVESTIGATOR_APPROVAL
PMID:33072212,initialization,not_available,yes,,observations.json; reveal_ledger.json,元コードrouteがpublication内で同定されずreveal assessment=missing。dimensionはnot_availableとして扱い、記述品質のnegative findingにはしない。,2026-09-28T02:27:16.508760+00:00,AI_independent_evidence_review_FOR_INVESTIGATOR_APPROVAL
PMID:33072212,random_seeds,not_available,yes,,observations.json; reveal_ledger.json,元コードrouteがpublication内で同定されずreveal assessment=missing。dimensionはnot_availableとして扱い、記述品質のnegative findingにはしない。,2026-09-28T02:27:16.508762+00:00,AI_independent_evidence_review_FOR_INVESTIGATOR_APPROVAL
PMID:33072212,stopping_criteria,not_available,yes,,observations.json; reveal_ledger.json,元コードrouteがpublication内で同定されずreveal assessment=missing。dimensionはnot_availableとして扱い、記述品質のnegative findingにはしない。,2026-09-28T02:27:16.508763+00:00,AI_independent_evidence_review_FOR_INVESTIGATOR_APPROVAL
PMID:33072212,defaults,not_available,yes,,observations.json; reveal_ledger.json,元コードrouteがpublication内で同定されずreveal assessment=missing。dimensionはnot_availableとして扱い、記述品質のnegative findingにはしない。,2026-09-28T02:27:16.508765+00:00,AI_independent_evidence_review_FOR_INVESTIGATOR_APPROVAL
PMID:33072212,preprocessing_order,not_available,yes,,observations.json; reveal_ledger.json,元コードrouteがpublication内で同定されずreveal assessment=missing。dimensionはnot_availableとして扱い、記述品質のnegative findingにはしない。,2026-09-28T02:27:16.508767+00:00,AI_independent_evidence_review_FOR_INVESTIGATOR_APPROVAL
PMID:33072212,exclusions,not_available,yes,,observations.json; reveal_ledger.json,元コードrouteがpublication内で同定されずreveal assessment=missing。dimensionはnot_availableとして扱い、記述品質のnegative findingにはしない。,2026-09-28T02:27:16.508769+00:00,AI_independent_evidence_review_FOR_INVESTIGATOR_APPROVAL
PMID:33072212,constants_and_thresholds,not_available,yes,,observations.json; reveal_ledger.json,元コードrouteがpublication内で同定されずreveal assessment=missing。dimensionはnot_availableとして扱い、記述品質のnegative findingにはしない。,2026-09-28T02:27:16.508771+00:00,AI_independent_evidence_review_FOR_INVESTIGATOR_APPROVAL
PMID:33072212,boundaries,not_available,yes,,observations.json; reveal_ledger.json,元コードrouteがpublication内で同定されずreveal assessment=missing。dimensionはnot_availableとして扱い、記述品質のnegative findingにはしない。,2026-09-28T02:27:16.508772+00:00,AI_independent_evidence_review_FOR_INVESTIGATOR_APPROVAL
PMID:33072212,software_versions,not_available,yes,,observations.json; reveal_ledger.json,元コードrouteがpublication内で同定されずreveal assessment=missing。dimensionはnot_availableとして扱い、記述品質のnegative findingにはしない。,2026-09-28T02:27:16.508774+00:00,AI_independent_evidence_review_FOR_INVESTIGATOR_APPROVAL
PMID:33072212,manual_transformations,not_available,yes,,observations.json; reveal_ledger.json,元コードrouteがpublication内で同定されずreveal assessment=missing。dimensionはnot_availableとして扱い、記述品質のnegative findingにはしない。,2026-09-28T02:27:16.508775+00:00,AI_independent_evidence_review_FOR_INVESTIGATOR_APPROVAL
PMID:34495251,normalization,not_available,yes,,observations.json; reveal_ledger.json,元コードrouteがpublication内で同定されずreveal assessment=missing。dimensionはnot_availableとして扱い、記述品質のnegative findingにはしない。,2026-09-28T02:27:16.508777+00:00,AI_independent_evidence_review_FOR_INVESTIGATOR_APPROVAL
PMID:34495251,filtering,not_available,yes,,observations.json; reveal_ledger.json,元コードrouteがpublication内で同定されずreveal assessment=missing。dimensionはnot_availableとして扱い、記述品質のnegative findingにはしない。,2026-09-28T02:27:16.508779+00:00,AI_independent_evidence_review_FOR_INVESTIGATOR_APPROVAL
PMID:34495251,missing_data_handling,not_available,yes,,observations.json; reveal_ledger.json,元コードrouteがpublication内で同定されずreveal assessment=missing。dimensionはnot_availableとして扱い、記述品質のnegative findingにはしない。,2026-09-28T02:27:16.508780+00:00,AI_independent_evidence_review_FOR_INVESTIGATOR_APPROVAL
PMID:34495251,initialization,not_available,yes,,observations.json; reveal_ledger.json,元コードrouteがpublication内で同定されずreveal assessment=missing。dimensionはnot_availableとして扱い、記述品質のnegative findingにはしない。,2026-09-28T02:27:16.508782+00:00,AI_independent_evidence_review_FOR_INVESTIGATOR_APPROVAL
PMID:34495251,random_seeds,not_available,yes,,observations.json; reveal_ledger.json,元コードrouteがpublication内で同定されずreveal assessment=missing。dimensionはnot_availableとして扱い、記述品質のnegative findingにはしない。,2026-09-28T02:27:16.508783+00:00,AI_independent_evidence_review_FOR_INVESTIGATOR_APPROVAL
PMID:34495251,stopping_criteria,not_available,yes,,observations.json; reveal_ledger.json,元コードrouteがpublication内で同定されずreveal assessment=missing。dimensionはnot_availableとして扱い、記述品質のnegative findingにはしない。,2026-09-28T02:27:16.508785+00:00,AI_independent_evidence_review_FOR_INVESTIGATOR_APPROVAL
PMID:34495251,defaults,not_available,yes,,observations.json; reveal_ledger.json,元コードrouteがpublication内で同定されずreveal assessment=missing。dimensionはnot_availableとして扱い、記述品質のnegative findingにはしない。,2026-09-28T02:27:16.508786+00:00,AI_independent_evidence_review_FOR_INVESTIGATOR_APPROVAL
PMID:34495251,preprocessing_order,not_available,yes,,observations.json; reveal_ledger.json,元コードrouteがpublication内で同定されずreveal assessment=missing。dimensionはnot_availableとして扱い、記述品質のnegative findingにはしない。,2026-09-28T02:27:16.508788+00:00,AI_independent_evidence_review_FOR_INVESTIGATOR_APPROVAL
PMID:34495251,exclusions,not_available,yes,,observations.json; reveal_ledger.json,元コードrouteがpublication内で同定されずreveal assessment=missing。dimensionはnot_availableとして扱い、記述品質のnegative findingにはしない。,2026-09-28T02:27:16.508789+00:00,AI_independent_evidence_review_FOR_INVESTIGATOR_APPROVAL
PMID:34495251,constants_and_thresholds,not_available,yes,,observations.json; reveal_ledger.json,元コードrouteがpublication内で同定されずreveal assessment=missing。dimensionはnot_availableとして扱い、記述品質のnegative findingにはしない。,2026-09-28T02:27:16.508795+00:00,AI_independent_evidence_review_FOR_INVESTIGATOR_APPROVAL
PMID:34495251,boundaries,not_available,yes,,observations.json; reveal_ledger.json,元コードrouteがpublication内で同定されずreveal assessment=missing。dimensionはnot_availableとして扱い、記述品質のnegative findingにはしない。,2026-09-28T02:27:16.508797+00:00,AI_independent_evidence_review_FOR_INVESTIGATOR_APPROVAL
PMID:34495251,software_versions,not_available,yes,,observations.json; reveal_ledger.json,元コードrouteがpublication内で同定されずreveal assessment=missing。dimensionはnot_availableとして扱い、記述品質のnegative findingにはしない。,2026-09-28T02:27:16.508798+00:00,AI_independent_evidence_review_FOR_INVESTIGATOR_APPROVAL
PMID:34495251,manual_transformations,not_available,yes,,observations.json; reveal_ledger.json,元コードrouteがpublication内で同定されずreveal assessment=missing。dimensionはnot_availableとして扱い、記述品質のnegative findingにはしない。,2026-09-28T02:27:16.508822+00:00,AI_independent_evidence_review_FOR_INVESTIGATOR_APPROVAL
PMID:34731224,normalization,not_available,yes,,observations.json; reveal_ledger.json,元コードrouteがpublication内で同定されずreveal assessment=missing。dimensionはnot_availableとして扱い、記述品質のnegative findingにはしない。,2026-09-28T02:27:16.508824+00:00,AI_independent_evidence_review_FOR_INVESTIGATOR_APPROVAL
PMID:34731224,filtering,not_available,yes,,observations.json; reveal_ledger.json,元コードrouteがpublication内で同定されずreveal assessment=missing。dimensionはnot_availableとして扱い、記述品質のnegative findingにはしない。,2026-09-28T02:27:16.508826+00:00,AI_independent_evidence_review_FOR_INVESTIGATOR_APPROVAL
PMID:34731224,missing_data_handling,not_available,yes,,observations.json; reveal_ledger.json,元コードrouteがpublication内で同定されずreveal assessment=missing。dimensionはnot_availableとして扱い、記述品質のnegative findingにはしない。,2026-09-28T02:27:16.508827+00:00,AI_independent_evidence_review_FOR_INVESTIGATOR_APPROVAL
PMID:34731224,initialization,not_available,yes,,observations.json; reveal_ledger.json,元コードrouteがpublication内で同定されずreveal assessment=missing。dimensionはnot_availableとして扱い、記述品質のnegative findingにはしない。,2026-09-28T02:27:16.508829+00:00,AI_independent_evidence_review_FOR_INVESTIGATOR_APPROVAL
PMID:34731224,random_seeds,not_available,yes,,observations.json; reveal_ledger.json,元コードrouteがpublication内で同定されずreveal assessment=missing。dimensionはnot_availableとして扱い、記述品質のnegative findingにはしない。,2026-09-28T02:27:16.508830+00:00,AI_independent_evidence_review_FOR_INVESTIGATOR_APPROVAL
PMID:34731224,stopping_criteria,not_available,yes,,observations.json; reveal_ledger.json,元コードrouteがpublication内で同定されずreveal assessment=missing。dimensionはnot_availableとして扱い、記述品質のnegative findingにはしない。,2026-09-28T02:27:16.508832+00:00,AI_independent_evidence_review_FOR_INVESTIGATOR_APPROVAL
PMID:34731224,defaults,not_available,yes,,observations.json; reveal_ledger.json,元コードrouteがpublication内で同定されずreveal assessment=missing。dimensionはnot_availableとして扱い、記述品質のnegative findingにはしない。,2026-09-28T02:27:16.508833+00:00,AI_independent_evidence_review_FOR_INVESTIGATOR_APPROVAL
PMID:34731224,preprocessing_order,not_available,yes,,observations.json; reveal_ledger.json,元コードrouteがpublication内で同定されずreveal assessment=missing。dimensionはnot_availableとして扱い、記述品質のnegative findingにはしない。,2026-09-28T02:27:16.508835+00:00,AI_independent_evidence_review_FOR_INVESTIGATOR_APPROVAL
PMID:34731224,exclusions,not_available,yes,,observations.json; reveal_ledger.json,元コードrouteがpublication内で同定されずreveal assessment=missing。dimensionはnot_availableとして扱い、記述品質のnegative findingにはしない。,2026-09-28T02:27:16.508836+00:00,AI_independent_evidence_review_FOR_INVESTIGATOR_APPROVAL
PMID:34731224,constants_and_thresholds,not_available,yes,,observations.json; reveal_ledger.json,元コードrouteがpublication内で同定されずreveal assessment=missing。dimensionはnot_availableとして扱い、記述品質のnegative findingにはしない。,2026-09-28T02:27:16.508838+00:00,AI_independent_evidence_review_FOR_INVESTIGATOR_APPROVAL
PMID:34731224,boundaries,not_available,yes,,observations.json; reveal_ledger.json,元コードrouteがpublication内で同定されずreveal assessment=missing。dimensionはnot_availableとして扱い、記述品質のnegative findingにはしない。,2026-09-28T02:27:16.508839+00:00,AI_independent_evidence_review_FOR_INVESTIGATOR_APPROVAL
PMID:34731224,software_versions,not_available,yes,,observations.json; reveal_ledger.json,元コードrouteがpublication内で同定されずreveal assessment=missing。dimensionはnot_availableとして扱い、記述品質のnegative findingにはしない。,2026-09-28T02:27:16.508841+00:00,AI_independent_evidence_review_FOR_INVESTIGATOR_APPROVAL
PMID:34731224,manual_transformations,not_available,yes,,observations.json; reveal_ledger.json,元コードrouteがpublication内で同定されずreveal assessment=missing。dimensionはnot_availableとして扱い、記述品質のnegative findingにはしない。,2026-09-28T02:27:16.508842+00:00,AI_independent_evidence_review_FOR_INVESTIGATOR_APPROVAL
PMID:39830509,normalization,not_available,yes,,observations.json; reveal_ledger.json,元コードrouteがpublication内で同定されずreveal assessment=missing。dimensionはnot_availableとして扱い、記述品質のnegative findingにはしない。,2026-09-28T02:27:16.508844+00:00,AI_independent_evidence_review_FOR_INVESTIGATOR_APPROVAL
PMID:39830509,filtering,not_available,yes,,observations.json; reveal_ledger.json,元コードrouteがpublication内で同定されずreveal assessment=missing。dimensionはnot_availableとして扱い、記述品質のnegative findingにはしない。,2026-09-28T02:27:16.508846+00:00,AI_independent_evidence_review_FOR_INVESTIGATOR_APPROVAL
PMID:39830509,missing_data_handling,not_available,yes,,observations.json; reveal_ledger.json,元コードrouteがpublication内で同定されずreveal assessment=missing。dimensionはnot_availableとして扱い、記述品質のnegative findingにはしない。,2026-09-28T02:27:16.508848+00:00,AI_independent_evidence_review_FOR_INVESTIGATOR_APPROVAL
PMID:39830509,initialization,not_available,yes,,observations.json; reveal_ledger.json,元コードrouteがpublication内で同定されずreveal assessment=missing。dimensionはnot_availableとして扱い、記述品質のnegative findingにはしない。,2026-09-28T02:27:16.508849+00:00,AI_independent_evidence_review_FOR_INVESTIGATOR_APPROVAL
PMID:39830509,random_seeds,not_available,yes,,observations.json; reveal_ledger.json,元コードrouteがpublication内で同定されずreveal assessment=missing。dimensionはnot_availableとして扱い、記述品質のnegative findingにはしない。,2026-09-28T02:27:16.508851+00:00,AI_independent_evidence_review_FOR_INVESTIGATOR_APPROVAL
PMID:39830509,stopping_criteria,not_available,yes,,observations.json; reveal_ledger.json,元コードrouteがpublication内で同定されずreveal assessment=missing。dimensionはnot_availableとして扱い、記述品質のnegative findingにはしない。,2026-09-28T02:27:16.508852+00:00,AI_independent_evidence_review_FOR_INVESTIGATOR_APPROVAL
PMID:39830509,defaults,not_available,yes,,observations.json; reveal_ledger.json,元コードrouteがpublication内で同定されずreveal assessment=missing。dimensionはnot_availableとして扱い、記述品質のnegative findingにはしない。,2026-09-28T02:27:16.508854+00:00,AI_independent_evidence_review_FOR_INVESTIGATOR_APPROVAL
PMID:39830509,preprocessing_order,not_available,yes,,observations.json; reveal_ledger.json,元コードrouteがpublication内で同定されずreveal assessment=missing。dimensionはnot_availableとして扱い、記述品質のnegative findingにはしない。,2026-09-28T02:27:16.508856+00:00,AI_independent_evidence_review_FOR_INVESTIGATOR_APPROVAL
PMID:39830509,exclusions,not_available,yes,,observations.json; reveal_ledger.json,元コードrouteがpublication内で同定されずreveal assessment=missing。dimensionはnot_availableとして扱い、記述品質のnegative findingにはしない。,2026-09-28T02:27:16.508857+00:00,AI_independent_evidence_review_FOR_INVESTIGATOR_APPROVAL
PMID:39830509,constants_and_thresholds,not_available,yes,,observations.json; reveal_ledger.json,元コードrouteがpublication内で同定されずreveal assessment=missing。dimensionはnot_availableとして扱い、記述品質のnegative findingにはしない。,2026-09-28T02:27:16.508859+00:00,AI_independent_evidence_review_FOR_INVESTIGATOR_APPROVAL
PMID:39830509,boundaries,not_available,yes,,observations.json; reveal_ledger.json,元コードrouteがpublication内で同定されずreveal assessment=missing。dimensionはnot_availableとして扱い、記述品質のnegative findingにはしない。,2026-09-28T02:27:16.508860+00:00,AI_independent_evidence_review_FOR_INVESTIGATOR_APPROVAL
PMID:39830509,software_versions,not_available,yes,,observations.json; reveal_ledger.json,元コードrouteがpublication内で同定されずreveal assessment=missing。dimensionはnot_availableとして扱い、記述品質のnegative findingにはしない。,2026-09-28T02:27:16.508862+00:00,AI_independent_evidence_review_FOR_INVESTIGATOR_APPROVAL
PMID:39830509,manual_transformations,not_available,yes,,observations.json; reveal_ledger.json,元コードrouteがpublication内で同定されずreveal assessment=missing。dimensionはnot_availableとして扱い、記述品質のnegative findingにはしない。,2026-09-28T02:27:16.508864+00:00,AI_independent_evidence_review_FOR_INVESTIGATOR_APPROVAL
PMID:39895948,normalization,not_available,yes,,observations.json; reveal_ledger.json,元コードrouteがpublication内で同定されずreveal assessment=missing。dimensionはnot_availableとして扱い、記述品質のnegative findingにはしない。,2026-09-28T02:27:16.508865+00:00,AI_independent_evidence_review_FOR_INVESTIGATOR_APPROVAL
PMID:39895948,filtering,not_available,yes,,observations.json; reveal_ledger.json,元コードrouteがpublication内で同定されずreveal assessment=missing。dimensionはnot_availableとして扱い、記述品質のnegative findingにはしない。,2026-09-28T02:27:16.508867+00:00,AI_independent_evidence_review_FOR_INVESTIGATOR_APPROVAL
PMID:39895948,missing_data_handling,not_available,yes,,observations.json; reveal_ledger.json,元コードrouteがpublication内で同定されずreveal assessment=missing。dimensionはnot_availableとして扱い、記述品質のnegative findingにはしない。,2026-09-28T02:27:16.508869+00:00,AI_independent_evidence_review_FOR_INVESTIGATOR_APPROVAL
PMID:39895948,initialization,not_available,yes,,observations.json; reveal_ledger.json,元コードrouteがpublication内で同定されずreveal assessment=missing。dimensionはnot_availableとして扱い、記述品質のnegative findingにはしない。,2026-09-28T02:27:16.508870+00:00,AI_independent_evidence_review_FOR_INVESTIGATOR_APPROVAL
PMID:39895948,random_seeds,not_available,yes,,observations.json; reveal_ledger.json,元コードrouteがpublication内で同定されずreveal assessment=missing。dimensionはnot_availableとして扱い、記述品質のnegative findingにはしない。,2026-09-28T02:27:16.508872+00:00,AI_independent_evidence_review_FOR_INVESTIGATOR_APPROVAL
PMID:39895948,stopping_criteria,not_available,yes,,observations.json; reveal_ledger.json,元コードrouteがpublication内で同定されずreveal assessment=missing。dimensionはnot_availableとして扱い、記述品質のnegative findingにはしない。,2026-09-28T02:27:16.508873+00:00,AI_independent_evidence_review_FOR_INVESTIGATOR_APPROVAL
PMID:39895948,defaults,not_available,yes,,observations.json; reveal_ledger.json,元コードrouteがpublication内で同定されずreveal assessment=missing。dimensionはnot_availableとして扱い、記述品質のnegative findingにはしない。,2026-09-28T02:27:16.508875+00:00,AI_independent_evidence_review_FOR_INVESTIGATOR_APPROVAL
PMID:39895948,preprocessing_order,not_available,yes,,observations.json; reveal_ledger.json,元コードrouteがpublication内で同定されずreveal assessment=missing。dimensionはnot_availableとして扱い、記述品質のnegative findingにはしない。,2026-09-28T02:27:16.508876+00:00,AI_independent_evidence_review_FOR_INVESTIGATOR_APPROVAL
PMID:39895948,exclusions,not_available,yes,,observations.json; reveal_ledger.json,元コードrouteがpublication内で同定されずreveal assessment=missing。dimensionはnot_availableとして扱い、記述品質のnegative findingにはしない。,2026-09-28T02:27:16.508878+00:00,AI_independent_evidence_review_FOR_INVESTIGATOR_APPROVAL
PMID:39895948,constants_and_thresholds,not_available,yes,,observations.json; reveal_ledger.json,元コードrouteがpublication内で同定されずreveal assessment=missing。dimensionはnot_availableとして扱い、記述品質のnegative findingにはしない。,2026-09-28T02:27:16.508880+00:00,AI_independent_evidence_review_FOR_INVESTIGATOR_APPROVAL
PMID:39895948,boundaries,not_available,yes,,observations.json; reveal_ledger.json,元コードrouteがpublication内で同定されずreveal assessment=missing。dimensionはnot_availableとして扱い、記述品質のnegative findingにはしない。,2026-09-28T02:27:16.508881+00:00,AI_independent_evidence_review_FOR_INVESTIGATOR_APPROVAL
PMID:39895948,software_versions,not_available,yes,,observations.json; reveal_ledger.json,元コードrouteがpublication内で同定されずreveal assessment=missing。dimensionはnot_availableとして扱い、記述品質のnegative findingにはしない。,2026-09-28T02:27:16.508883+00:00,AI_independent_evidence_review_FOR_INVESTIGATOR_APPROVAL
PMID:39895948,manual_transformations,not_available,yes,,observations.json; reveal_ledger.json,元コードrouteがpublication内で同定されずreveal assessment=missing。dimensionはnot_availableとして扱い、記述品質のnegative findingにはしない。,2026-09-28T02:27:16.508884+00:00,AI_independent_evidence_review_FOR_INVESTIGATOR_APPROVAL
PMID:40956867,normalization,not_reported,yes,,observations.json; github:VivaswatS/feems@7ff9cc8; github:NovembreLab/feems@main; github:VivaswatS/feems@admixture_edge,recorded completeness `not_reported` はretained source/snippetと整合。recorded value: not located in retained repository,2026-09-28T02:27:16.508893+00:00,AI_independent_evidence_review_FOR_INVESTIGATOR_APPROVAL
PMID:40956867,filtering,not_reported,yes,,observations.json; github:VivaswatS/feems@7ff9cc8; github:NovembreLab/feems@main; github:VivaswatS/feems@admixture_edge,recorded completeness `not_reported` はretained source/snippetと整合。recorded value: not located in retained repository,2026-09-28T02:27:16.508898+00:00,AI_independent_evidence_review_FOR_INVESTIGATOR_APPROVAL
PMID:40956867,missing_data_handling,not_reported,yes,,observations.json; github:VivaswatS/feems@7ff9cc8; github:NovembreLab/feems@main; github:VivaswatS/feems@admixture_edge,recorded completeness `not_reported` はretained source/snippetと整合。recorded value: not located in retained repository,2026-09-28T02:27:16.508902+00:00,AI_independent_evidence_review_FOR_INVESTIGATOR_APPROVAL
PMID:40956867,initialization,partial,yes,,observations.json; github:VivaswatS/feems@7ff9cc8; github:NovembreLab/feems@main; github:VivaswatS/feems@admixture_edge,recorded completeness `partial` はretained source/snippetと整合。recorded value: simulation initialises each deme with msprime PopulationConfiguration(initial_size=n_e); n_e defaults to 1,2026-09-28T02:27:16.508905+00:00,AI_independent_evidence_review_FOR_INVESTIGATOR_APPROVAL
PMID:40956867,random_seeds,not_reported,yes,,observations.json; github:VivaswatS/feems@7ff9cc8; github:NovembreLab/feems@main; github:VivaswatS/feems@admixture_edge,recorded completeness `not_reported` はretained source/snippetと整合。recorded value: sample sizes drawn with np.random.binomial without a seed argument in the retained sim.py; no fixed seed located,2026-09-28T02:27:16.508908+00:00,AI_independent_evidence_review_FOR_INVESTIGATOR_APPROVAL
PMID:40956867,stopping_criteria,not_reported,yes,,observations.json; github:VivaswatS/feems@7ff9cc8; github:NovembreLab/feems@main; github:VivaswatS/feems@admixture_edge,recorded completeness `not_reported` はretained source/snippetと整合。recorded value: not located for the simulation study; optimizer stopping lives in the estimation code and was not traced to the scenario,2026-09-28T02:27:16.508910+00:00,AI_independent_evidence_review_FOR_INVESTIGATOR_APPROVAL
PMID:40956867,defaults,explicit,yes,,observations.json; github:VivaswatS/feems@7ff9cc8; github:NovembreLab/feems@main; github:VivaswatS/feems@admixture_edge,"recorded completeness `explicit` はretained source/snippetと整合。recorded value: simulate_genotypes_w_admixture defaults: chrom_length=1, mu=1e-3, n_e=1, target_n_snps=1000, n_print=50, admixture_props=[0], time_of_adm=[1], replic=0, dump=False",2026-09-28T02:27:16.508913+00:00,AI_independent_evidence_review_FOR_INVESTIGATOR_APPROVAL
PMID:40956867,preprocessing_order,not_reported,yes,,observations.json; github:VivaswatS/feems@7ff9cc8; github:NovembreLab/feems@main; github:VivaswatS/feems@admixture_edge,recorded completeness `not_reported` はretained source/snippetと整合。recorded value: not located in retained repository,2026-09-28T02:27:16.508916+00:00,AI_independent_evidence_review_FOR_INVESTIGATOR_APPROVAL
PMID:40956867,exclusions,not_reported,yes,,observations.json; github:VivaswatS/feems@7ff9cc8; github:NovembreLab/feems@main; github:VivaswatS/feems@admixture_edge,recorded completeness `not_reported` はretained source/snippetと整合。recorded value: not located in retained repository,2026-09-28T02:27:16.508918+00:00,AI_independent_evidence_review_FOR_INVESTIGATOR_APPROVAL
PMID:40956867,constants_and_thresholds,partial,yes,,observations.json; github:VivaswatS/feems@7ff9cc8; github:NovembreLab/feems@main; github:VivaswatS/feems@admixture_edge,"recorded completeness `partial` はretained source/snippetと整合。recorded value: setup_graph defaults barrier_w=0.1, corridor_w=0.5; admixture proportion enters as MassMigration proportion=admixture_props[i]",2026-09-28T02:27:16.508922+00:00,AI_independent_evidence_review_FOR_INVESTIGATOR_APPROVAL
PMID:40956867,boundaries,partial,yes,,observations.json; github:VivaswatS/feems@7ff9cc8; github:NovembreLab/feems@main; github:VivaswatS/feems@admixture_edge,"recorded completeness `partial` はretained source/snippetと整合。recorded value: setup_graph grid defaults n_rows=8, n_columns=12; scenario grids for the published simulation not located",2026-09-28T02:27:16.508925+00:00,AI_independent_evidence_review_FOR_INVESTIGATOR_APPROVAL
PMID:40956867,software_versions,explicit,yes,,observations.json; github:VivaswatS/feems@7ff9cc8; github:NovembreLab/feems@main; github:VivaswatS/feems@admixture_edge,"recorded completeness `explicit` はretained source/snippetと整合。recorded value: requirements.txt pins msprime==1.0.0, numpy==1.18.5, scipy==1.5.0, scikit-learn==0.23.1, networkx==2.4.0",2026-09-28T02:27:16.508927+00:00,AI_independent_evidence_review_FOR_INVESTIGATOR_APPROVAL
PMID:40956867,manual_transformations,not_available,yes,,observations.json; github:VivaswatS/feems@7ff9cc8; github:NovembreLab/feems@main; github:VivaswatS/feems@admixture_edge,recorded completeness `not_available` はretained source/snippetと整合。recorded value: scenario-driving scripts for the dense-sampling / c=0.5 scenario were not located in either retained archive,2026-09-28T02:27:16.508930+00:00,AI_independent_evidence_review_FOR_INVESTIGATOR_APPROVAL
PMID:41091855,normalization,explicit,no,partial,observations.json; zenodo:17186083:run_analysis.R; zenodo:17186083:QTrait.r,deposited scripts が pre-computed LDSC output を入力として開始することは明示されるが、そのLDSC outputを作る上流normalizationはreveal codeに含まれない。『normalisation stepなし』を完全なexplicit choiceとみなすよりpartialが妥当。,2026-09-28T02:27:16.508935+00:00,AI_independent_evidence_review_FOR_INVESTIGATOR_APPROVAL
PMID:41091855,filtering,explicit,no,partial,observations.json; zenodo:17186083:run_analysis.R; zenodo:17186083:QTrait.r,当該deposited scripts内で追加filteringがないことは確認できるが、入力がpre-computed LDSC outputであり、上流filteringはコードから評価できないため、全computational chainのfiltering completenessはpartial。,2026-09-28T02:27:16.508938+00:00,AI_independent_evidence_review_FOR_INVESTIGATOR_APPROVAL
PMID:41091855,missing_data_handling,not_reported,yes,,observations.json; zenodo:17186083:run_analysis.R; zenodo:17186083:QTrait.r,recorded completeness `not_reported` はretained source/snippetと整合。recorded value: not addressed in the deposited scripts,2026-09-28T02:27:16.508941+00:00,AI_independent_evidence_review_FOR_INVESTIGATOR_APPROVAL
PMID:41091855,initialization,partial,yes,,observations.json; zenodo:17186083:run_analysis.R; zenodo:17186083:QTrait.r,recorded completeness `partial` はretained source/snippetと整合。recorded value: GenomicSEM usermodel defaults; no explicit start values,2026-09-28T02:27:16.508944+00:00,AI_independent_evidence_review_FOR_INVESTIGATOR_APPROVAL
PMID:41091855,random_seeds,not_reported,yes,,observations.json; zenodo:17186083:run_analysis.R; zenodo:17186083:QTrait.r,recorded completeness `not_reported` はretained source/snippetと整合。recorded value: no set.seed in either script,2026-09-28T02:27:16.508947+00:00,AI_independent_evidence_review_FOR_INVESTIGATOR_APPROVAL
PMID:41091855,stopping_criteria,not_reported,yes,,observations.json; zenodo:17186083:run_analysis.R; zenodo:17186083:QTrait.r,recorded completeness `not_reported` はretained source/snippetと整合。recorded value: GenomicSEM/lavaan optimizer defaults; not set in scripts,2026-09-28T02:27:16.508949+00:00,AI_independent_evidence_review_FOR_INVESTIGATOR_APPROVAL
PMID:41091855,defaults,explicit,yes,,observations.json; zenodo:17186083:run_analysis.R; zenodo:17186083:QTrait.r,"recorded completeness `explicit` はretained source/snippetと整合。recorded value: QTrait(mresid=0.25, mresidthreshold=0.10, lsrmr=0.25, lsrmrthreshold=0.10, save.plots=TRUE, stdout=FALSE)",2026-09-28T02:27:16.508952+00:00,AI_independent_evidence_review_FOR_INVESTIGATOR_APPROVAL
PMID:41091855,preprocessing_order,explicit,yes,,observations.json; zenodo:17186083:run_analysis.R; zenodo:17186083:QTrait.r,recorded completeness `explicit` はretained source/snippetと整合。recorded value: indicators = first 3 columns of S; traits = remaining columns; common-factor model then common-pathway and independent-pathway models,2026-09-28T02:27:16.508956+00:00,AI_independent_evidence_review_FOR_INVESTIGATOR_APPROVAL
PMID:41091855,exclusions,explicit,no,partial,observations.json; zenodo:17186083:run_analysis.R; zenodo:17186083:QTrait.r,deposited scripts内で追加exclusionがないことは確認できる一方、pre-computed LDSC output作成時のexclusionはreveal materialから確定できない。explicitではなくpartialが保守的。,2026-09-28T02:27:16.508959+00:00,AI_independent_evidence_review_FOR_INVESTIGATOR_APPROVAL
PMID:41091855,constants_and_thresholds,explicit,yes,,observations.json; zenodo:17186083:run_analysis.R; zenodo:17186083:QTrait.r,"recorded completeness `explicit` はretained source/snippetと整合。recorded value: estimation=""DWLS""; CFM std.lv=T, imp_cov=F; CPM/IPM std.lv=F, imp_cov as coded; residual thresholds as in defaults",2026-09-28T02:27:16.508961+00:00,AI_independent_evidence_review_FOR_INVESTIGATOR_APPROVAL
PMID:41091855,boundaries,not_reported,yes,,observations.json; zenodo:17186083:run_analysis.R; zenodo:17186083:QTrait.r,recorded completeness `not_reported` はretained source/snippetと整合。recorded value: not applicable in scripts,2026-09-28T02:27:16.508964+00:00,AI_independent_evidence_review_FOR_INVESTIGATOR_APPROVAL
PMID:41091855,software_versions,partial,yes,,observations.json; zenodo:17186083:run_analysis.R; zenodo:17186083:QTrait.r,recorded completeness `partial` はretained source/snippetと整合。recorded value: header states R (>= 4.0); GenomicSEM version not pinned,2026-09-28T02:27:16.508967+00:00,AI_independent_evidence_review_FOR_INVESTIGATOR_APPROVAL
PMID:41091855,manual_transformations,explicit,no,not_reported,observations.json; zenodo:17186083:run_analysis.R; zenodo:17186083:QTrait.r,『results written to CSV; no manual step described』はmanual transformationが無かったことを積極的に記載しているわけではない。コードに現れない手作業の不存在は証明できないためnot_reportedが妥当。,2026-09-28T02:27:16.508970+00:00,AI_independent_evidence_review_FOR_INVESTIGATOR_APPROVAL
PMID:41472739,normalization,not_available,yes,,observations.json; reveal_ledger.json,元コードrouteがpublication内で同定されずreveal assessment=missing。dimensionはnot_availableとして扱い、記述品質のnegative findingにはしない。,2026-09-28T02:27:16.508972+00:00,AI_independent_evidence_review_FOR_INVESTIGATOR_APPROVAL
PMID:41472739,filtering,not_available,yes,,observations.json; reveal_ledger.json,元コードrouteがpublication内で同定されずreveal assessment=missing。dimensionはnot_availableとして扱い、記述品質のnegative findingにはしない。,2026-09-28T02:27:16.508974+00:00,AI_independent_evidence_review_FOR_INVESTIGATOR_APPROVAL
PMID:41472739,missing_data_handling,not_available,yes,,observations.json; reveal_ledger.json,元コードrouteがpublication内で同定されずreveal assessment=missing。dimensionはnot_availableとして扱い、記述品質のnegative findingにはしない。,2026-09-28T02:27:16.508977+00:00,AI_independent_evidence_review_FOR_INVESTIGATOR_APPROVAL
PMID:41472739,initialization,not_available,yes,,observations.json; reveal_ledger.json,元コードrouteがpublication内で同定されずreveal assessment=missing。dimensionはnot_availableとして扱い、記述品質のnegative findingにはしない。,2026-09-28T02:27:16.508978+00:00,AI_independent_evidence_review_FOR_INVESTIGATOR_APPROVAL
PMID:41472739,random_seeds,not_available,yes,,observations.json; reveal_ledger.json,元コードrouteがpublication内で同定されずreveal assessment=missing。dimensionはnot_availableとして扱い、記述品質のnegative findingにはしない。,2026-09-28T02:27:16.508980+00:00,AI_independent_evidence_review_FOR_INVESTIGATOR_APPROVAL
PMID:41472739,stopping_criteria,not_available,yes,,observations.json; reveal_ledger.json,元コードrouteがpublication内で同定されずreveal assessment=missing。dimensionはnot_availableとして扱い、記述品質のnegative findingにはしない。,2026-09-28T02:27:16.508982+00:00,AI_independent_evidence_review_FOR_INVESTIGATOR_APPROVAL
PMID:41472739,defaults,not_available,yes,,observations.json; reveal_ledger.json,元コードrouteがpublication内で同定されずreveal assessment=missing。dimensionはnot_availableとして扱い、記述品質のnegative findingにはしない。,2026-09-28T02:27:16.509004+00:00,AI_independent_evidence_review_FOR_INVESTIGATOR_APPROVAL
PMID:41472739,preprocessing_order,not_available,yes,,observations.json; reveal_ledger.json,元コードrouteがpublication内で同定されずreveal assessment=missing。dimensionはnot_availableとして扱い、記述品質のnegative findingにはしない。,2026-09-28T02:27:16.509006+00:00,AI_independent_evidence_review_FOR_INVESTIGATOR_APPROVAL
PMID:41472739,exclusions,not_available,yes,,observations.json; reveal_ledger.json,元コードrouteがpublication内で同定されずreveal assessment=missing。dimensionはnot_availableとして扱い、記述品質のnegative findingにはしない。,2026-09-28T02:27:16.509008+00:00,AI_independent_evidence_review_FOR_INVESTIGATOR_APPROVAL
PMID:41472739,constants_and_thresholds,not_available,yes,,observations.json; reveal_ledger.json,元コードrouteがpublication内で同定されずreveal assessment=missing。dimensionはnot_availableとして扱い、記述品質のnegative findingにはしない。,2026-09-28T02:27:16.509009+00:00,AI_independent_evidence_review_FOR_INVESTIGATOR_APPROVAL
PMID:41472739,boundaries,not_available,yes,,observations.json; reveal_ledger.json,元コードrouteがpublication内で同定されずreveal assessment=missing。dimensionはnot_availableとして扱い、記述品質のnegative findingにはしない。,2026-09-28T02:27:16.509011+00:00,AI_independent_evidence_review_FOR_INVESTIGATOR_APPROVAL
PMID:41472739,software_versions,not_available,yes,,observations.json; reveal_ledger.json,元コードrouteがpublication内で同定されずreveal assessment=missing。dimensionはnot_availableとして扱い、記述品質のnegative findingにはしない。,2026-09-28T02:27:16.509012+00:00,AI_independent_evidence_review_FOR_INVESTIGATOR_APPROVAL
PMID:41472739,manual_transformations,not_available,yes,,observations.json; reveal_ledger.json,元コードrouteがpublication内で同定されずreveal assessment=missing。dimensionはnot_availableとして扱い、記述品質のnegative findingにはしない。,2026-09-28T02:27:16.509014+00:00,AI_independent_evidence_review_FOR_INVESTIGATOR_APPROVAL
PMID:41563087,normalization,not_available,yes,,observations.json; reveal_ledger.json,元コードrouteがpublication内で同定されずreveal assessment=missing。dimensionはnot_availableとして扱い、記述品質のnegative findingにはしない。,2026-09-28T02:27:16.509017+00:00,AI_independent_evidence_review_FOR_INVESTIGATOR_APPROVAL
PMID:41563087,filtering,not_available,yes,,observations.json; reveal_ledger.json,元コードrouteがpublication内で同定されずreveal assessment=missing。dimensionはnot_availableとして扱い、記述品質のnegative findingにはしない。,2026-09-28T02:27:16.509019+00:00,AI_independent_evidence_review_FOR_INVESTIGATOR_APPROVAL
PMID:41563087,missing_data_handling,not_available,yes,,observations.json; reveal_ledger.json,元コードrouteがpublication内で同定されずreveal assessment=missing。dimensionはnot_availableとして扱い、記述品質のnegative findingにはしない。,2026-09-28T02:27:16.509021+00:00,AI_independent_evidence_review_FOR_INVESTIGATOR_APPROVAL
PMID:41563087,initialization,not_available,yes,,observations.json; reveal_ledger.json,元コードrouteがpublication内で同定されずreveal assessment=missing。dimensionはnot_availableとして扱い、記述品質のnegative findingにはしない。,2026-09-28T02:27:16.509022+00:00,AI_independent_evidence_review_FOR_INVESTIGATOR_APPROVAL
PMID:41563087,random_seeds,not_available,yes,,observations.json; reveal_ledger.json,元コードrouteがpublication内で同定されずreveal assessment=missing。dimensionはnot_availableとして扱い、記述品質のnegative findingにはしない。,2026-09-28T02:27:16.509024+00:00,AI_independent_evidence_review_FOR_INVESTIGATOR_APPROVAL
PMID:41563087,stopping_criteria,not_available,yes,,observations.json; reveal_ledger.json,元コードrouteがpublication内で同定されずreveal assessment=missing。dimensionはnot_availableとして扱い、記述品質のnegative findingにはしない。,2026-09-28T02:27:16.509026+00:00,AI_independent_evidence_review_FOR_INVESTIGATOR_APPROVAL
PMID:41563087,defaults,not_available,yes,,observations.json; reveal_ledger.json,元コードrouteがpublication内で同定されずreveal assessment=missing。dimensionはnot_availableとして扱い、記述品質のnegative findingにはしない。,2026-09-28T02:27:16.509028+00:00,AI_independent_evidence_review_FOR_INVESTIGATOR_APPROVAL
PMID:41563087,preprocessing_order,not_available,yes,,observations.json; reveal_ledger.json,元コードrouteがpublication内で同定されずreveal assessment=missing。dimensionはnot_availableとして扱い、記述品質のnegative findingにはしない。,2026-09-28T02:27:16.509029+00:00,AI_independent_evidence_review_FOR_INVESTIGATOR_APPROVAL
PMID:41563087,exclusions,not_available,yes,,observations.json; reveal_ledger.json,元コードrouteがpublication内で同定されずreveal assessment=missing。dimensionはnot_availableとして扱い、記述品質のnegative findingにはしない。,2026-09-28T02:27:16.509031+00:00,AI_independent_evidence_review_FOR_INVESTIGATOR_APPROVAL
PMID:41563087,constants_and_thresholds,not_available,yes,,observations.json; reveal_ledger.json,元コードrouteがpublication内で同定されずreveal assessment=missing。dimensionはnot_availableとして扱い、記述品質のnegative findingにはしない。,2026-09-28T02:27:16.509033+00:00,AI_independent_evidence_review_FOR_INVESTIGATOR_APPROVAL
PMID:41563087,boundaries,not_available,yes,,observations.json; reveal_ledger.json,元コードrouteがpublication内で同定されずreveal assessment=missing。dimensionはnot_availableとして扱い、記述品質のnegative findingにはしない。,2026-09-28T02:27:16.509035+00:00,AI_independent_evidence_review_FOR_INVESTIGATOR_APPROVAL
PMID:41563087,software_versions,not_available,yes,,observations.json; reveal_ledger.json,元コードrouteがpublication内で同定されずreveal assessment=missing。dimensionはnot_availableとして扱い、記述品質のnegative findingにはしない。,2026-09-28T02:27:16.509036+00:00,AI_independent_evidence_review_FOR_INVESTIGATOR_APPROVAL
PMID:41563087,manual_transformations,not_available,yes,,observations.json; reveal_ledger.json,元コードrouteがpublication内で同定されずreveal assessment=missing。dimensionはnot_availableとして扱い、記述品質のnegative findingにはしない。,2026-09-28T02:27:16.509038+00:00,AI_independent_evidence_review_FOR_INVESTIGATOR_APPROVAL
PMID:41677189,normalization,explicit,yes,,observations.json; github:SuzukiLabTAMU/ERSAtool@aff34c6,recorded completeness `explicit` はretained source/snippetと整合。recorded value: DESeq2 DESeq() default size-factor normalisation,2026-09-28T02:27:16.509042+00:00,AI_independent_evidence_review_FOR_INVESTIGATOR_APPROVAL
PMID:41677189,filtering,explicit,yes,,observations.json; github:SuzukiLabTAMU/ERSAtool@aff34c6,recorded completeness `explicit` はretained source/snippetと整合。recorded value: genes with rowSums(counts) > number of samples retained in the interactive path; report scripts use rowSums(counts) > 10,2026-09-28T02:27:16.509045+00:00,AI_independent_evidence_review_FOR_INVESTIGATOR_APPROVAL
PMID:41677189,missing_data_handling,explicit,yes,,observations.json; github:SuzukiLabTAMU/ERSAtool@aff34c6,recorded completeness `explicit` はretained source/snippetと整合。recorded value: results rows with NA removed by na.omit() before thresholding,2026-09-28T02:27:16.509048+00:00,AI_independent_evidence_review_FOR_INVESTIGATOR_APPROVAL
PMID:41677189,initialization,partial,yes,,observations.json; github:SuzukiLabTAMU/ERSAtool@aff34c6,recorded completeness `partial` はretained source/snippetと整合。recorded value: DESeq2 defaults,2026-09-28T02:27:16.509051+00:00,AI_independent_evidence_review_FOR_INVESTIGATOR_APPROVAL
PMID:41677189,random_seeds,not_reported,yes,,observations.json; github:SuzukiLabTAMU/ERSAtool@aff34c6,recorded completeness `not_reported` はretained source/snippetと整合。recorded value: none set,2026-09-28T02:27:16.509053+00:00,AI_independent_evidence_review_FOR_INVESTIGATOR_APPROVAL
PMID:41677189,stopping_criteria,partial,yes,,observations.json; github:SuzukiLabTAMU/ERSAtool@aff34c6,recorded completeness `partial` はretained source/snippetと整合。recorded value: DESeq2 defaults,2026-09-28T02:27:16.509056+00:00,AI_independent_evidence_review_FOR_INVESTIGATOR_APPROVAL
PMID:41677189,defaults,partial,yes,,observations.json; github:SuzukiLabTAMU/ERSAtool@aff34c6,"recorded completeness `partial` はretained source/snippetと整合。recorded value: UI defaults adjusted p < 0.05 and |log2FC| > 1; design columns, contrast column and levels are user-selected at run time and are not recorded in the repository",2026-09-28T02:27:16.509059+00:00,AI_independent_evidence_review_FOR_INVESTIGATOR_APPROVAL
PMID:41677189,preprocessing_order,explicit,yes,,observations.json; github:SuzukiLabTAMU/ERSAtool@aff34c6,recorded completeness `explicit` はretained source/snippetと整合。recorded value: DESeqDataSetFromMatrix -> low-count filter -> DESeq -> results(contrast) -> na.omit -> threshold,2026-09-28T02:27:16.509061+00:00,AI_independent_evidence_review_FOR_INVESTIGATOR_APPROVAL
PMID:41677189,exclusions,explicit,no,partial,observations.json; github:SuzukiLabTAMU/ERSAtool@aff34c6,reveal codeにはlow-count gene除外に加え、results生成後のna.omit()もある。recorded valueの『low-count genes only』はexclusionの全体を記述していないためcompletenessはpartial。,2026-09-28T02:27:16.509064+00:00,AI_independent_evidence_review_FOR_INVESTIGATOR_APPROVAL
PMID:41677189,constants_and_thresholds,partial,yes,,observations.json; github:SuzukiLabTAMU/ERSAtool@aff34c6,recorded completeness `partial` はretained source/snippetと整合。recorded value: padj cutoff and log2FC cutoff are interactive inputs; defaults 0.05 and 1,2026-09-28T02:27:16.509066+00:00,AI_independent_evidence_review_FOR_INVESTIGATOR_APPROVAL
PMID:41677189,boundaries,explicit,yes,,observations.json; github:SuzukiLabTAMU/ERSAtool@aff34c6,recorded completeness `explicit` はretained source/snippetと整合。recorded value: slider ranges 0-0.2 (padj) and 0-3 (log2FC),2026-09-28T02:27:16.509069+00:00,AI_independent_evidence_review_FOR_INVESTIGATOR_APPROVAL
PMID:41677189,software_versions,not_reported,yes,,observations.json; github:SuzukiLabTAMU/ERSAtool@aff34c6,recorded completeness `not_reported` はretained source/snippetと整合。recorded value: no lockfile or sessionInfo in the retained archive,2026-09-28T02:27:16.509072+00:00,AI_independent_evidence_review_FOR_INVESTIGATOR_APPROVAL
PMID:41677189,manual_transformations,ambiguous,yes,,observations.json; github:SuzukiLabTAMU/ERSAtool@aff34c6,recorded completeness `ambiguous` はretained source/snippetと整合。recorded value: count matrix and metadata uploaded interactively; the exact uploaded files and selections used for the published counts are not recorded,2026-09-28T02:27:16.509075+00:00,AI_independent_evidence_review_FOR_INVESTIGATOR_APPROVAL
