paper_id,layer,recorded_state,verification,corrected_state,G1,G2,G3,G4,G5,evidence_ref,rationale,verified_at_utc,reviewer_id
PMID:41032336,primary_plus_second_pass,confirmed,confirmed,,no,not_applicable,not_applicable,not_applicable,not_applicable,09_G1G5_PILOT_AND_CANDIDATE_HISTORY/records/devin_primary_G1_G5_20260923.json; devin_second_pass_G1_G5_20260924.json; S0082,初期委任G1–G5を第二パスで引用・保持segmentsに再照合し、second_pass_verdict=confirmed。現行C監査では第二パスのcurrent effective classificationを支持。,2026-09-28T02:19:44.618385+00:00,AI_independent_evidence_review_FOR_INVESTIGATOR_APPROVAL
PMID:36493775,primary_plus_second_pass,confirmed,confirmed,,yes,yes,public,available,uncertain,09_G1G5_PILOT_AND_CANDIDATE_HISTORY/records/devin_primary_G1_G5_20260923.json; devin_second_pass_G1_G5_20260924.json; S0408,初期委任G1–G5を第二パスで引用・保持segmentsに再照合し、second_pass_verdict=confirmed。現行C監査では第二パスのcurrent effective classificationを支持。,2026-09-28T02:19:44.618403+00:00,AI_independent_evidence_review_FOR_INVESTIGATOR_APPROVAL
PMID:39730532,primary_plus_second_pass,confirmed,confirmed,,yes,yes,restricted_but_potentially_accessible,available,uncertain,09_G1G5_PILOT_AND_CANDIDATE_HISTORY/records/devin_primary_G1_G5_20260923.json; devin_second_pass_G1_G5_20260924.json; S0112,初期委任G1–G5を第二パスで引用・保持segmentsに再照合し、second_pass_verdict=confirmed。現行C監査では第二パスのcurrent effective classificationを支持。,2026-09-28T02:19:44.618408+00:00,AI_independent_evidence_review_FOR_INVESTIGATOR_APPROVAL
PMID:36358920,primary_plus_second_pass,confirmed,confirmed,,yes,yes,public,uncertain,uncertain,09_G1G5_PILOT_AND_CANDIDATE_HISTORY/records/devin_primary_G1_G5_20260923.json; devin_second_pass_G1_G5_20260924.json; S0141,初期委任G1–G5を第二パスで引用・保持segmentsに再照合し、second_pass_verdict=confirmed。現行C監査では第二パスのcurrent effective classificationを支持。,2026-09-28T02:19:44.618413+00:00,AI_independent_evidence_review_FOR_INVESTIGATOR_APPROVAL
PMID:34031721,primary_plus_second_pass,confirmed,confirmed,,yes,yes,restricted_but_potentially_accessible,available,insufficient,09_G1G5_PILOT_AND_CANDIDATE_HISTORY/records/devin_primary_G1_G5_20260923.json; devin_second_pass_G1_G5_20260924.json; S0085,初期委任G1–G5を第二パスで引用・保持segmentsに再照合し、second_pass_verdict=confirmed。現行C監査では第二パスのcurrent effective classificationを支持。,2026-09-28T02:19:44.618416+00:00,AI_independent_evidence_review_FOR_INVESTIGATOR_APPROVAL
PMID:33574863,primary_plus_second_pass,confirmed,confirmed,,no,not_applicable,not_applicable,not_applicable,not_applicable,09_G1G5_PILOT_AND_CANDIDATE_HISTORY/records/devin_primary_G1_G5_20260923.json; devin_second_pass_G1_G5_20260924.json; S0034,初期委任G1–G5を第二パスで引用・保持segmentsに再照合し、second_pass_verdict=confirmed。現行C監査では第二パスのcurrent effective classificationを支持。,2026-09-28T02:19:44.618419+00:00,AI_independent_evidence_review_FOR_INVESTIGATOR_APPROVAL
PMID:40496022,primary_plus_second_pass,confirmed,confirmed,,no,not_applicable,not_applicable,not_applicable,not_applicable,09_G1G5_PILOT_AND_CANDIDATE_HISTORY/records/devin_primary_G1_G5_20260923.json; devin_second_pass_G1_G5_20260924.json; S0133,初期委任G1–G5を第二パスで引用・保持segmentsに再照合し、second_pass_verdict=confirmed。現行C監査では第二パスのcurrent effective classificationを支持。,2026-09-28T02:19:44.618422+00:00,AI_independent_evidence_review_FOR_INVESTIGATOR_APPROVAL
PMID:41497311,primary_plus_second_pass,confirmed,confirmed,,uncertain,uncertain,restricted_but_potentially_accessible,available,uncertain,09_G1G5_PILOT_AND_CANDIDATE_HISTORY/records/devin_primary_G1_G5_20260923.json; devin_second_pass_G1_G5_20260924.json; S0132,初期委任G1–G5を第二パスで引用・保持segmentsに再照合し、second_pass_verdict=confirmed。現行C監査では第二パスのcurrent effective classificationを支持。,2026-09-28T02:19:44.618425+00:00,AI_independent_evidence_review_FOR_INVESTIGATOR_APPROVAL
PMID:33584682,primary_plus_second_pass,confirmed,confirmed,,yes,uncertain,insufficiently_identified,available,uncertain,09_G1G5_PILOT_AND_CANDIDATE_HISTORY/records/devin_primary_G1_G5_20260923.json; devin_second_pass_G1_G5_20260924.json; S0267,初期委任G1–G5を第二パスで引用・保持segmentsに再照合し、second_pass_verdict=confirmed。現行C監査では第二パスのcurrent effective classificationを支持。,2026-09-28T02:19:44.618428+00:00,AI_independent_evidence_review_FOR_INVESTIGATOR_APPROVAL
PMID:36409083,primary_plus_second_pass,confirmed,confirmed,,yes,uncertain,public,available,uncertain,09_G1G5_PILOT_AND_CANDIDATE_HISTORY/records/devin_primary_G1_G5_20260923.json; devin_second_pass_G1_G5_20260924.json; S0112,初期委任G1–G5を第二パスで引用・保持segmentsに再照合し、second_pass_verdict=confirmed。現行C監査では第二パスのcurrent effective classificationを支持。,2026-09-28T02:19:44.618431+00:00,AI_independent_evidence_review_FOR_INVESTIGATOR_APPROVAL
PMID:39472468,primary_plus_second_pass,confirmed,confirmed,,yes,yes,restricted_but_potentially_accessible,available,uncertain,09_G1G5_PILOT_AND_CANDIDATE_HISTORY/records/devin_primary_G1_G5_20260923.json; devin_second_pass_G1_G5_20260924.json; S0145,初期委任G1–G5を第二パスで引用・保持segmentsに再照合し、second_pass_verdict=confirmed。現行C監査では第二パスのcurrent effective classificationを支持。,2026-09-28T02:19:44.618434+00:00,AI_independent_evidence_review_FOR_INVESTIGATOR_APPROVAL
PMID:36493775,access_layer,above_cap;deposited_output_only,confirmed,,yes,yes,public,available,uncertain,09_G1G5_PILOT_AND_CANDIDATE_HISTORY/records/accessibility_gate_failed_20260924.json,ACCESSIBILITY_GATE_FAILED auxiliary layer。exclusion_classes=above_cap;deposited_output_only。取得経路/公開性/容量・申請要件の記録と整合し、main reconstruction denominator外という扱いを支持。,2026-09-28T02:19:44.618538+00:00,AI_independent_evidence_review_FOR_INVESTIGATOR_APPROVAL
PMID:36358920,access_layer,size_unannounced,confirmed,,yes,yes,public,uncertain,uncertain,09_G1G5_PILOT_AND_CANDIDATE_HISTORY/records/accessibility_gate_failed_20260924.json,ACCESSIBILITY_GATE_FAILED auxiliary layer。exclusion_classes=size_unannounced。取得経路/公開性/容量・申請要件の記録と整合し、main reconstruction denominator外という扱いを支持。,2026-09-28T02:19:44.618542+00:00,AI_independent_evidence_review_FOR_INVESTIGATOR_APPROVAL
PMID:39730532,access_layer,application_required,confirmed,,yes,yes,restricted_but_potentially_accessible,available,uncertain,09_G1G5_PILOT_AND_CANDIDATE_HISTORY/records/accessibility_gate_failed_20260924.json,ACCESSIBILITY_GATE_FAILED auxiliary layer。exclusion_classes=application_required。取得経路/公開性/容量・申請要件の記録と整合し、main reconstruction denominator外という扱いを支持。,2026-09-28T02:19:44.618545+00:00,AI_independent_evidence_review_FOR_INVESTIGATOR_APPROVAL
PMID:36409083,access_layer,listing_unavailable,confirmed,,yes,uncertain,public,available,uncertain,09_G1G5_PILOT_AND_CANDIDATE_HISTORY/records/accessibility_gate_failed_20260924.json,ACCESSIBILITY_GATE_FAILED auxiliary layer。exclusion_classes=listing_unavailable。取得経路/公開性/容量・申請要件の記録と整合し、main reconstruction denominator外という扱いを支持。,2026-09-28T02:19:44.618547+00:00,AI_independent_evidence_review_FOR_INVESTIGATOR_APPROVAL
PMID:39472468,access_layer,author_request_only,confirmed,,yes,yes,restricted_but_potentially_accessible,available,uncertain,09_G1G5_PILOT_AND_CANDIDATE_HISTORY/records/accessibility_gate_failed_20260924.json,ACCESSIBILITY_GATE_FAILED auxiliary layer。exclusion_classes=author_request_only。取得経路/公開性/容量・申請要件の記録と整合し、main reconstruction denominator外という扱いを支持。,2026-09-28T02:19:44.618550+00:00,AI_independent_evidence_review_FOR_INVESTIGATOR_APPROVAL
PMID:34031721,access_layer,author_request_only,confirmed,,yes,yes,restricted_but_potentially_accessible,available,insufficient,09_G1G5_PILOT_AND_CANDIDATE_HISTORY/records/accessibility_gate_failed_20260924.json,ACCESSIBILITY_GATE_FAILED auxiliary layer。exclusion_classes=author_request_only。取得経路/公開性/容量・申請要件の記録と整合し、main reconstruction denominator外という扱いを支持。,2026-09-28T02:19:44.618553+00:00,AI_independent_evidence_review_FOR_INVESTIGATOR_APPROVAL
PMID:33584682,access_layer,supplement_only_unverified,confirmed,,yes,uncertain,insufficiently_identified,available,uncertain,09_G1G5_PILOT_AND_CANDIDATE_HISTORY/records/accessibility_gate_failed_20260924.json,ACCESSIBILITY_GATE_FAILED auxiliary layer。exclusion_classes=supplement_only_unverified。取得経路/公開性/容量・申請要件の記録と整合し、main reconstruction denominator外という扱いを支持。,2026-09-28T02:19:44.618555+00:00,AI_independent_evidence_review_FOR_INVESTIGATOR_APPROVAL
PMID:33016314,pilot,prospective_pilot_pipeline_validation_only,confirmed,,yes,yes,public,available,uncertain,09_G1G5_PILOT_AND_CANDIDATE_HISTORY/records/pilot_prospective_freeze_20260925.json,前向きpilotはmain denominator外。target/input/hash/resource ceiling/stopping ruleがprospective freezeに記録され、gate_reviewsのcurrent effective valuesを支持。 事前freeze内の明示的revision: G4 confirmed_with_note。,2026-09-28T02:19:44.618741+00:00,AI_independent_evidence_review_FOR_INVESTIGATOR_APPROVAL
PMID:35003117,pilot,prospective_pilot_pipeline_validation_only,confirmed,,yes,yes,public,available,uncertain,09_G1G5_PILOT_AND_CANDIDATE_HISTORY/records/pilot_prospective_freeze_20260925.json,前向きpilotはmain denominator外。target/input/hash/resource ceiling/stopping ruleがprospective freezeに記録され、gate_reviewsのcurrent effective valuesを支持。,2026-09-28T02:19:44.618747+00:00,AI_independent_evidence_review_FOR_INVESTIGATOR_APPROVAL
PMID:41444829,pilot,prospective_pilot_pipeline_validation_only,confirmed,,yes,yes,public,available,uncertain,09_G1G5_PILOT_AND_CANDIDATE_HISTORY/records/pilot_prospective_freeze_20260925.json,前向きpilotはmain denominator外。target/input/hash/resource ceiling/stopping ruleがprospective freezeに記録され、gate_reviewsのcurrent effective valuesを支持。,2026-09-28T02:19:44.618751+00:00,AI_independent_evidence_review_FOR_INVESTIGATOR_APPROVAL
PMID:36286480,pilot,prospective_pilot_pipeline_validation_only,confirmed,,yes,yes,public,available,uncertain,09_G1G5_PILOT_AND_CANDIDATE_HISTORY/records/pilot_prospective_freeze_20260925.json,前向きpilotはmain denominator外。target/input/hash/resource ceiling/stopping ruleがprospective freezeに記録され、gate_reviewsのcurrent effective valuesを支持。 事前freeze内の明示的revision: G3 unknown->public (revised:public_with_substituted_reference)。,2026-09-28T02:19:44.618759+00:00,AI_independent_evidence_review_FOR_INVESTIGATOR_APPROVAL
PMID:35388942,pilot,prospective_pilot_pipeline_validation_only,confirmed,,yes,yes,public,available,uncertain,09_G1G5_PILOT_AND_CANDIDATE_HISTORY/records/pilot_prospective_freeze_20260925.json,前向きpilotはmain denominator外。target/input/hash/resource ceiling/stopping ruleがprospective freezeに記録され、gate_reviewsのcurrent effective valuesを支持。 事前freeze内の明示的revision: G5 sufficient->uncertain (revised:uncertain)。,2026-09-28T02:19:44.618764+00:00,AI_independent_evidence_review_FOR_INVESTIGATOR_APPROVAL
PMID:35767539,pilot,prospective_pilot_pipeline_validation_only,confirmed,,yes,yes,public,available,uncertain,09_G1G5_PILOT_AND_CANDIDATE_HISTORY/records/pilot_prospective_freeze_20260925.json,前向きpilotはmain denominator外。target/input/hash/resource ceiling/stopping ruleがprospective freezeに記録され、gate_reviewsのcurrent effective valuesを支持。,2026-09-28T02:19:44.618768+00:00,AI_independent_evidence_review_FOR_INVESTIGATOR_APPROVAL
PMID:35136578,pilot,prospective_pilot_pipeline_validation_only,confirmed,,yes,yes,public,available,uncertain,09_G1G5_PILOT_AND_CANDIDATE_HISTORY/records/pilot_prospective_freeze_20260925.json,前向きpilotはmain denominator外。target/input/hash/resource ceiling/stopping ruleがprospective freezeに記録され、gate_reviewsのcurrent effective valuesを支持。,2026-09-28T02:19:44.618771+00:00,AI_independent_evidence_review_FOR_INVESTIGATOR_APPROVAL
