paper_id,slot,adjudicator_id,agree_with_mechanical,L1,L2,L3,L4,L5,run_success,failure_codes,evidence_ref,rationale,adjudicated_at_utc
PMID:33072212,1,AI_independent_evidence_review_FOR_INVESTIGATOR_APPROVAL,yes,no,yes,not_established,not_established,not_assessable,no,F13,primary_adjudication.json; PMID/slot=PMID:33072212/1; stop_reason=wall_limit,凍結機械判定と整合。明確な反証となるjournaled execution evidenceは本監査で確認されず。,2026-09-27T22:09:02.821088+00:00
PMID:33072212,2,AI_independent_evidence_review_FOR_INVESTIGATOR_APPROVAL,yes,no,yes,not_established,not_established,not_assessable,no,F13,primary_adjudication.json; PMID/slot=PMID:33072212/2; stop_reason=tool_limit,凍結機械判定と整合。明確な反証となるjournaled execution evidenceは本監査で確認されず。,2026-09-27T22:09:02.821147+00:00
PMID:33072212,3,AI_independent_evidence_review_FOR_INVESTIGATOR_APPROVAL,yes,no,yes,not_established,not_established,not_assessable,no,F13,primary_adjudication.json; PMID/slot=PMID:33072212/3; stop_reason=tool_limit,凍結機械判定と整合。明確な反証となるjournaled execution evidenceは本監査で確認されず。,2026-09-27T22:09:02.821153+00:00
PMID:34495251,1,AI_independent_evidence_review_FOR_INVESTIGATOR_APPROVAL,yes,yes,not_reached,not_reached,not_established,not_assessable,no,,primary_adjudication.json; PMID/slot=PMID:34495251/1; stop_reason=final_report,凍結機械判定と整合。明確な反証となるjournaled execution evidenceは本監査で確認されず。,2026-09-27T22:09:02.821157+00:00
PMID:34495251,2,AI_independent_evidence_review_FOR_INVESTIGATOR_APPROVAL,yes,no,yes,not_established,not_established,not_assessable,no,F13,primary_adjudication.json; PMID/slot=PMID:34495251/2; stop_reason=tool_limit,凍結機械判定と整合。明確な反証となるjournaled execution evidenceは本監査で確認されず。,2026-09-27T22:09:02.821161+00:00
PMID:34495251,3,AI_independent_evidence_review_FOR_INVESTIGATOR_APPROVAL,yes,no,yes,not_established,not_established,not_assessable,no,F13,primary_adjudication.json; PMID/slot=PMID:34495251/3; stop_reason=token_reserve_limit,凍結機械判定と整合。明確な反証となるjournaled execution evidenceは本監査で確認されず。,2026-09-27T22:09:02.821164+00:00
PMID:34731224,1,AI_independent_evidence_review_FOR_INVESTIGATOR_APPROVAL,yes,yes,yes,not_established,not_established,not_assessable,no,F01;F03,primary_adjudication.json; PMID/slot=PMID:34731224/1; stop_reason=final_report,凍結機械判定と整合。明確な反証となるjournaled execution evidenceは本監査で確認されず。,2026-09-27T22:09:02.821167+00:00
PMID:34731224,2,AI_independent_evidence_review_FOR_INVESTIGATOR_APPROVAL,yes,yes,yes,not_established,not_established,not_assessable,no,F01;F03,primary_adjudication.json; PMID/slot=PMID:34731224/2; stop_reason=final_report,凍結機械判定と整合。明確な反証となるjournaled execution evidenceは本監査で確認されず。,2026-09-27T22:09:02.821170+00:00
PMID:34731224,3,AI_independent_evidence_review_FOR_INVESTIGATOR_APPROVAL,yes,no,yes,not_established,not_established,not_assessable,no,F13,primary_adjudication.json; PMID/slot=PMID:34731224/3; stop_reason=token_reserve_limit,凍結機械判定と整合。明確な反証となるjournaled execution evidenceは本監査で確認されず。,2026-09-27T22:09:02.821174+00:00
PMID:39830509,1,AI_independent_evidence_review_FOR_INVESTIGATOR_APPROVAL,yes,no,yes,not_established,not_established,not_assessable,no,F13,primary_adjudication.json; PMID/slot=PMID:39830509/1; stop_reason=tool_limit,凍結機械判定と整合。明確な反証となるjournaled execution evidenceは本監査で確認されず。,2026-09-27T22:09:02.821178+00:00
PMID:39830509,2,AI_independent_evidence_review_FOR_INVESTIGATOR_APPROVAL,no,yes,yes,yes,no,not_assessable,no,F20,controller/event-0053.json; controller/event-0065.json,"機械判定のF15/L3 not_establishedには不同意。journaled code が served H5 inputs を読み、returncode 0で TOTAL kept 8930 / final kept 8930 を出力している。凍結目標は3,544で exact count のためL4=no。したがってL3=yes, L4=no, F20が最も直接的。",2026-09-27T22:09:02.821183+00:00
PMID:39830509,3,AI_independent_evidence_review_FOR_INVESTIGATOR_APPROVAL,yes,no,yes,not_established,not_established,not_assessable,no,F13,primary_adjudication.json; PMID/slot=PMID:39830509/3; stop_reason=tool_limit,凍結機械判定と整合。明確な反証となるjournaled execution evidenceは本監査で確認されず。,2026-09-27T22:09:02.821187+00:00
PMID:39895948,1,AI_independent_evidence_review_FOR_INVESTIGATOR_APPROVAL,yes,no,yes,not_established,not_established,not_assessable,no,F13,primary_adjudication.json; PMID/slot=PMID:39895948/1; stop_reason=tool_limit,凍結機械判定と整合。明確な反証となるjournaled execution evidenceは本監査で確認されず。,2026-09-27T22:09:02.821190+00:00
PMID:39895948,2,AI_independent_evidence_review_FOR_INVESTIGATOR_APPROVAL,yes,no,yes,not_established,not_established,not_assessable,no,F13,primary_adjudication.json; PMID/slot=PMID:39895948/2; stop_reason=tool_limit,凍結機械判定と整合。明確な反証となるjournaled execution evidenceは本監査で確認されず。,2026-09-27T22:09:02.821194+00:00
PMID:39895948,3,AI_independent_evidence_review_FOR_INVESTIGATOR_APPROVAL,yes,yes,yes,yes,no,not_assessable,no,F20,primary_adjudication.json; PMID/slot=PMID:39895948/3; stop_reason=final_report,凍結機械判定と整合。明確な反証となるjournaled execution evidenceは本監査で確認されず。,2026-09-27T22:09:02.821197+00:00
PMID:40956867,1,AI_independent_evidence_review_FOR_INVESTIGATOR_APPROVAL,yes,no,yes,not_established,not_established,not_assessable,no,F13,primary_adjudication.json; PMID/slot=PMID:40956867/1; stop_reason=tool_limit,凍結機械判定と整合。明確な反証となるjournaled execution evidenceは本監査で確認されず。,2026-09-27T22:09:02.821200+00:00
PMID:40956867,2,AI_independent_evidence_review_FOR_INVESTIGATOR_APPROVAL,yes,no,yes,not_established,not_established,not_assessable,no,F13,primary_adjudication.json; PMID/slot=PMID:40956867/2; stop_reason=tool_limit,凍結機械判定と整合。明確な反証となるjournaled execution evidenceは本監査で確認されず。,2026-09-27T22:09:02.821203+00:00
PMID:40956867,3,AI_independent_evidence_review_FOR_INVESTIGATOR_APPROVAL,yes,no,yes,not_established,not_established,not_assessable,no,F13,primary_adjudication.json; PMID/slot=PMID:40956867/3; stop_reason=tool_limit,凍結機械判定と整合。明確な反証となるjournaled execution evidenceは本監査で確認されず。,2026-09-27T22:09:02.821205+00:00
PMID:41091855,1,AI_independent_evidence_review_FOR_INVESTIGATOR_APPROVAL,yes,no,yes,not_established,not_established,not_assessable,no,F13,primary_adjudication.json; PMID/slot=PMID:41091855/1; stop_reason=tool_limit,凍結機械判定と整合。明確な反証となるjournaled execution evidenceは本監査で確認されず。,2026-09-27T22:09:02.821209+00:00
PMID:41091855,2,AI_independent_evidence_review_FOR_INVESTIGATOR_APPROVAL,yes,no,yes,not_established,not_established,not_assessable,no,F13,primary_adjudication.json; PMID/slot=PMID:41091855/2; stop_reason=tool_limit,凍結機械判定と整合。明確な反証となるjournaled execution evidenceは本監査で確認されず。,2026-09-27T22:09:02.821214+00:00
PMID:41091855,3,AI_independent_evidence_review_FOR_INVESTIGATOR_APPROVAL,yes,no,yes,not_established,not_established,not_assessable,no,F15,primary_adjudication.json; PMID/slot=PMID:41091855/3; stop_reason=malformed_action_limit,凍結機械判定と整合。明確な反証となるjournaled execution evidenceは本監査で確認されず。,2026-09-27T22:09:02.821217+00:00
PMID:41472739,1,AI_independent_evidence_review_FOR_INVESTIGATOR_APPROVAL,yes,yes,yes,not_established,not_established,not_assessable,no,F01,primary_adjudication.json; PMID/slot=PMID:41472739/1; stop_reason=final_report,凍結機械判定と整合。明確な反証となるjournaled execution evidenceは本監査で確認されず。,2026-09-27T22:09:02.821220+00:00
PMID:41472739,2,AI_independent_evidence_review_FOR_INVESTIGATOR_APPROVAL,yes,yes,yes,not_established,not_established,not_assessable,no,F15;F01,primary_adjudication.json; PMID/slot=PMID:41472739/2; stop_reason=final_report,凍結機械判定と整合。明確な反証となるjournaled execution evidenceは本監査で確認されず。,2026-09-27T22:09:02.821223+00:00
PMID:41472739,3,AI_independent_evidence_review_FOR_INVESTIGATOR_APPROVAL,yes,yes,yes,not_established,not_established,not_assessable,no,F01,primary_adjudication.json; PMID/slot=PMID:41472739/3; stop_reason=final_report,凍結機械判定と整合。明確な反証となるjournaled execution evidenceは本監査で確認されず。,2026-09-27T22:09:02.821225+00:00
PMID:41563087,1,AI_independent_evidence_review_FOR_INVESTIGATOR_APPROVAL,yes,no,yes,not_established,not_established,not_assessable,no,F13,primary_adjudication.json; PMID/slot=PMID:41563087/1; stop_reason=tool_limit,凍結機械判定と整合。明確な反証となるjournaled execution evidenceは本監査で確認されず。,2026-09-27T22:09:02.821228+00:00
PMID:41563087,2,AI_independent_evidence_review_FOR_INVESTIGATOR_APPROVAL,no,yes,yes,yes,yes,yes,yes,,controller/event-0085.json; controller/event-0097.json; controller/event-0106.json; specifications/41563087.json,機械判定F20に不同意。凍結仕様は『recomputed numerator/denominator が報告精度で89%に丸められること』。journaled execution は139/157=0.885350...を出力し、整数%への通常丸めで89%。仕様自体がexact denominator未特定をgapとして凍結しており、157は同じQ1a系Figureのn=157とも整合。よってL4=yes。final reportの結論も89%再現を支持するためL5=yes。,2026-09-27T22:09:02.821233+00:00
PMID:41563087,3,AI_independent_evidence_review_FOR_INVESTIGATOR_APPROVAL,no,yes,yes,yes,yes,yes,yes,,controller/result.json; specifications/41563087.json,機械判定のrun_success=yes/L4=yesに同意し、pendingだったL5をyesと判定。88.5%は報告89%の表示桁丸めビンに入り、reportは同じtarget-linked conclusionを保持。,2026-09-27T22:09:02.821237+00:00
PMID:41677189,1,AI_independent_evidence_review_FOR_INVESTIGATOR_APPROVAL,yes,no,yes,not_established,not_established,not_assessable,no,F13,primary_adjudication.json; PMID/slot=PMID:41677189/1; stop_reason=tool_limit,凍結機械判定と整合。明確な反証となるjournaled execution evidenceは本監査で確認されず。,2026-09-27T22:09:02.821240+00:00
PMID:41677189,2,AI_independent_evidence_review_FOR_INVESTIGATOR_APPROVAL,yes,no,yes,not_established,not_established,not_assessable,no,F13,primary_adjudication.json; PMID/slot=PMID:41677189/2; stop_reason=tool_limit,凍結機械判定と整合。明確な反証となるjournaled execution evidenceは本監査で確認されず。,2026-09-27T22:09:02.821243+00:00
PMID:41677189,3,AI_independent_evidence_review_FOR_INVESTIGATOR_APPROVAL,yes,no,yes,not_established,not_established,not_assessable,no,F13,primary_adjudication.json; PMID/slot=PMID:41677189/3; stop_reason=tool_limit,凍結機械判定と整合。明確な反証となるjournaled execution evidenceは本監査で確認されず。,2026-09-27T22:09:02.821246+00:00
