paper_id,recorded_state,verification,corrected_state,G1,G2,G3,G4,G5,evidence_ref,rationale,verified_at_utc,reviewer_id
PMID:32238776,all_inputs_leak_target,state_incorrect,specifiable_runnable,yes,yes,yes,uncertain,yes,08_NONEXECUTED_90_EVIDENCE/all_inputs_leak_target/32238776/specification.json; acquisition.json; 00_LIGHT_INDEX/TARGET_LEAKAGE_EXTRACTS/,"binary FASTQ whole-token 258/172 is false-positive leakage; context is compressed/binary, not result output",2026-09-27T23:22:23.806315+00:00,AI_independent_evidence_review_FOR_INVESTIGATOR_APPROVAL
PMID:32724106,gate_failed_delegated,confirmed,,yes,yes,uncertain,yes,no,08_NONEXECUTED_90_EVIDENCE/gate_failed_delegated/32724106/STATE.json; specification.json; screen_sources.json,At least one delegated gate is no under frozen rules; cited source segments support the recorded gate state and no clear contrary evidence was found in LIGHT.,2026-09-27T23:22:23.806433+00:00,AI_independent_evidence_review_FOR_INVESTIGATOR_APPROVAL
PMID:32779509,external_reference_resource_required_not_served,confirmed,,yes,yes,uncertain,yes,yes,08_NONEXECUTED_90_EVIDENCE/external_reference_resource_required_not_served/32779509/STATE.json; specification.json; screen_sources.json,Reconstruction requires served-package-external public reference resources (n=1); frozen protocol defines this as non-run.,2026-09-27T23:22:23.806538+00:00,AI_independent_evidence_review_FOR_INVESTIGATOR_APPROVAL
PMID:32925947,gate_failed_delegated,confirmed,,yes,yes,no,yes,yes,08_NONEXECUTED_90_EVIDENCE/gate_failed_delegated/32925947/STATE.json; specification.json; screen_sources.json,At least one delegated gate is no under frozen rules; cited source segments support the recorded gate state and no clear contrary evidence was found in LIGHT.,2026-09-27T23:22:23.806628+00:00,AI_independent_evidence_review_FOR_INVESTIGATOR_APPROVAL
PMID:33031384,gate_failed_delegated,confirmed,,yes,yes,no,yes,yes,08_NONEXECUTED_90_EVIDENCE/gate_failed_delegated/33031384/STATE.json; specification.json; screen_sources.json,At least one delegated gate is no under frozen rules; cited source segments support the recorded gate state and no clear contrary evidence was found in LIGHT.,2026-09-27T23:22:23.806739+00:00,AI_independent_evidence_review_FOR_INVESTIGATOR_APPROVAL
PMID:33073517,external_reference_resource_required_not_served,confirmed,,yes,yes,yes,yes,yes,08_NONEXECUTED_90_EVIDENCE/external_reference_resource_required_not_served/33073517/STATE.json; specification.json; screen_sources.json,Reconstruction requires served-package-external public reference resources (n=1); frozen protocol defines this as non-run.,2026-09-27T23:22:23.806941+00:00,AI_independent_evidence_review_FOR_INVESTIGATOR_APPROVAL
PMID:33110091,external_reference_resource_required_not_served,confirmed,,yes,yes,uncertain,yes,yes,08_NONEXECUTED_90_EVIDENCE/external_reference_resource_required_not_served/33110091/STATE.json; specification.json; screen_sources.json,Reconstruction requires served-package-external public reference resources (n=4); frozen protocol defines this as non-run.,2026-09-27T23:22:23.807050+00:00,AI_independent_evidence_review_FOR_INVESTIGATOR_APPROVAL
PMID:33217980,gate_failed_delegated,confirmed,,yes,yes,no,yes,yes,08_NONEXECUTED_90_EVIDENCE/gate_failed_delegated/33217980/STATE.json; specification.json; screen_sources.json,At least one delegated gate is no under frozen rules; cited source segments support the recorded gate state and no clear contrary evidence was found in LIGHT.,2026-09-27T23:22:23.807153+00:00,AI_independent_evidence_review_FOR_INVESTIGATOR_APPROVAL
PMID:33268805,gate_failed_delegated,confirmed,,yes,yes,no,yes,yes,08_NONEXECUTED_90_EVIDENCE/gate_failed_delegated/33268805/STATE.json; specification.json; screen_sources.json,At least one delegated gate is no under frozen rules; cited source segments support the recorded gate state and no clear contrary evidence was found in LIGHT.,2026-09-27T23:22:23.807235+00:00,AI_independent_evidence_review_FOR_INVESTIGATOR_APPROVAL
PMID:33329590,external_reference_resource_required_not_served,confirmed,,yes,yes,yes,yes,yes,08_NONEXECUTED_90_EVIDENCE/external_reference_resource_required_not_served/33329590/STATE.json; specification.json; screen_sources.json,Reconstruction requires served-package-external public reference resources (n=4); frozen protocol defines this as non-run.,2026-09-27T23:22:23.807313+00:00,AI_independent_evidence_review_FOR_INVESTIGATOR_APPROVAL
PMID:33368254,required_inputs_not_in_public_listing,confirmed,,yes,yes,uncertain,yes,yes,08_NONEXECUTED_90_EVIDENCE/required_inputs_not_in_public_listing/33368254/STATE.json; specification.json; screen_sources.json,Required analysis inputs cannot be completely identified/served from the frozen public deposit listing; no clear missed eligible input is evidenced in LIGHT.,2026-09-27T23:22:23.807432+00:00,AI_independent_evidence_review_FOR_INVESTIGATOR_APPROVAL
PMID:33449384,external_reference_resource_required_not_served,confirmed,,yes,yes,uncertain,yes,yes,08_NONEXECUTED_90_EVIDENCE/external_reference_resource_required_not_served/33449384/STATE.json; specification.json; screen_sources.json,Reconstruction requires served-package-external public reference resources (n=1); frozen protocol defines this as non-run.,2026-09-27T23:22:23.807514+00:00,AI_independent_evidence_review_FOR_INVESTIGATOR_APPROVAL
PMID:33954783,gate_failed_delegated,confirmed,,yes,yes,no,yes,yes,08_NONEXECUTED_90_EVIDENCE/gate_failed_delegated/33954783/STATE.json; specification.json; screen_sources.json,At least one delegated gate is no under frozen rules; cited source segments support the recorded gate state and no clear contrary evidence was found in LIGHT.,2026-09-27T23:22:23.807583+00:00,AI_independent_evidence_review_FOR_INVESTIGATOR_APPROVAL
PMID:33973299,target_value_not_located_verbatim,confirmed,,yes,yes,uncertain,yes,yes,08_NONEXECUTED_90_EVIDENCE/target_value_not_located_verbatim/33973299/STATE.json; specification.json; screen_sources.json,Frozen protocol requires verbatim principal target value; packaged specification/screen evidence does not establish the required target location.,2026-09-27T23:22:23.807670+00:00,AI_independent_evidence_review_FOR_INVESTIGATOR_APPROVAL
PMID:34176322,required_inputs_not_in_public_listing,confirmed,,yes,yes,uncertain,yes,yes,08_NONEXECUTED_90_EVIDENCE/required_inputs_not_in_public_listing/34176322/STATE.json; specification.json; screen_sources.json,Required analysis inputs cannot be completely identified/served from the frozen public deposit listing; no clear missed eligible input is evidenced in LIGHT.,2026-09-27T23:22:23.807782+00:00,AI_independent_evidence_review_FOR_INVESTIGATOR_APPROVAL
PMID:34253236,external_reference_resource_required_not_served,confirmed,,yes,yes,yes,yes,yes,08_NONEXECUTED_90_EVIDENCE/external_reference_resource_required_not_served/34253236/STATE.json; specification.json; screen_sources.json,Reconstruction requires served-package-external public reference resources (n=1); frozen protocol defines this as non-run.,2026-09-27T23:22:23.807887+00:00,AI_independent_evidence_review_FOR_INVESTIGATOR_APPROVAL
PMID:34297924,target_value_not_located_verbatim,confirmed,,yes,yes,yes,yes,yes,08_NONEXECUTED_90_EVIDENCE/target_value_not_located_verbatim/34297924/STATE.json; specification.json; screen_sources.json,Frozen protocol requires verbatim principal target value; packaged specification/screen evidence does not establish the required target location.,2026-09-27T23:22:23.807968+00:00,AI_independent_evidence_review_FOR_INVESTIGATOR_APPROVAL
PMID:34393665,all_inputs_leak_target,state_incorrect,specifiable_runnable,yes,yes,yes,yes,yes,08_NONEXECUTED_90_EVIDENCE/all_inputs_leak_target/34393665/specification.json; acquisition.json; 00_LIGHT_INDEX/TARGET_LEAKAGE_EXTRACTS/,"RAW.tar whole-token 102/242 hits occur in binary context; required files are raw inputs, not result tables",2026-09-27T23:22:23.808038+00:00,AI_independent_evidence_review_FOR_INVESTIGATOR_APPROVAL
PMID:34584066,required_inputs_not_in_public_listing,confirmed,,yes,yes,uncertain,yes,yes,08_NONEXECUTED_90_EVIDENCE/required_inputs_not_in_public_listing/34584066/STATE.json; specification.json; screen_sources.json,Required analysis inputs cannot be completely identified/served from the frozen public deposit listing; no clear missed eligible input is evidenced in LIGHT.,2026-09-27T23:22:23.808108+00:00,AI_independent_evidence_review_FOR_INVESTIGATOR_APPROVAL
PMID:34624208,gate_failed_delegated,confirmed,,yes,yes,yes,yes,no,08_NONEXECUTED_90_EVIDENCE/gate_failed_delegated/34624208/STATE.json; specification.json; screen_sources.json,At least one delegated gate is no under frozen rules; cited source segments support the recorded gate state and no clear contrary evidence was found in LIGHT.,2026-09-27T23:22:23.808430+00:00,AI_independent_evidence_review_FOR_INVESTIGATOR_APPROVAL
PMID:34716354,all_inputs_leak_target,confirmed,,yes,yes,uncertain,yes,yes,08_NONEXECUTED_90_EVIDENCE/all_inputs_leak_target/34716354/specification.json; acquisition.json,target is final curated B3DB dataset count 1058; serving final curated dataset would disclose target output,2026-09-27T23:22:23.808538+00:00,AI_independent_evidence_review_FOR_INVESTIGATOR_APPROVAL
PMID:34772950,required_inputs_not_in_public_listing,confirmed,,yes,yes,yes,yes,yes,08_NONEXECUTED_90_EVIDENCE/required_inputs_not_in_public_listing/34772950/STATE.json; specification.json; screen_sources.json,Required analysis inputs cannot be completely identified/served from the frozen public deposit listing; no clear missed eligible input is evidenced in LIGHT.,2026-09-27T23:22:23.808617+00:00,AI_independent_evidence_review_FOR_INVESTIGATOR_APPROVAL
PMID:34783304,all_inputs_leak_target,unknown,,yes,yes,uncertain,uncertain,yes,08_NONEXECUTED_90_EVIDENCE/all_inputs_leak_target/34783304/specification.json; acquisition.json,processed expression matrix may be legitimate input; specifier leakage rationale is conditional and LIGHT lacks enough file content to prove precomputed target statistics,2026-09-27T23:22:23.808680+00:00,AI_independent_evidence_review_FOR_INVESTIGATOR_APPROVAL
PMID:34823491,all_inputs_leak_target,state_incorrect,specifiable_runnable,yes,yes,yes,yes,yes,08_NONEXECUTED_90_EVIDENCE/all_inputs_leak_target/34823491/specification.json; acquisition.json,specifier explicitly says GSE64306_RAW.tar is raw input and not a leak,2026-09-27T23:22:23.808765+00:00,AI_independent_evidence_review_FOR_INVESTIGATOR_APPROVAL
PMID:34927191,external_reference_resource_required_not_served,confirmed,,yes,yes,yes,yes,yes,08_NONEXECUTED_90_EVIDENCE/external_reference_resource_required_not_served/34927191/STATE.json; specification.json; screen_sources.json,Reconstruction requires served-package-external public reference resources (n=1); frozen protocol defines this as non-run.,2026-09-27T23:22:23.808901+00:00,AI_independent_evidence_review_FOR_INVESTIGATOR_APPROVAL
PMID:34944547,gate_failed_delegated,confirmed,,yes,yes,no,yes,yes,08_NONEXECUTED_90_EVIDENCE/gate_failed_delegated/34944547/STATE.json; specification.json; screen_sources.json,At least one delegated gate is no under frozen rules; cited source segments support the recorded gate state and no clear contrary evidence was found in LIGHT.,2026-09-27T23:22:23.809008+00:00,AI_independent_evidence_review_FOR_INVESTIGATOR_APPROVAL
PMID:35074869,external_reference_resource_required_not_served,confirmed,,yes,yes,yes,yes,yes,08_NONEXECUTED_90_EVIDENCE/external_reference_resource_required_not_served/35074869/STATE.json; specification.json; screen_sources.json,Reconstruction requires served-package-external public reference resources (n=8); frozen protocol defines this as non-run.,2026-09-27T23:22:23.809134+00:00,AI_independent_evidence_review_FOR_INVESTIGATOR_APPROVAL
PMID:35637459,gate_failed_delegated,confirmed,,yes,yes,no,yes,yes,08_NONEXECUTED_90_EVIDENCE/gate_failed_delegated/35637459/STATE.json; specification.json; screen_sources.json,At least one delegated gate is no under frozen rules; cited source segments support the recorded gate state and no clear contrary evidence was found in LIGHT.,2026-09-27T23:22:23.809211+00:00,AI_independent_evidence_review_FOR_INVESTIGATOR_APPROVAL
PMID:35746789,required_inputs_not_in_public_listing,confirmed,,yes,yes,uncertain,yes,yes,08_NONEXECUTED_90_EVIDENCE/required_inputs_not_in_public_listing/35746789/STATE.json; specification.json; screen_sources.json,Required analysis inputs cannot be completely identified/served from the frozen public deposit listing; no clear missed eligible input is evidenced in LIGHT.,2026-09-27T23:22:23.809295+00:00,AI_independent_evidence_review_FOR_INVESTIGATOR_APPROVAL
PMID:35762018,all_inputs_leak_target,state_incorrect,specifiable_runnable,yes,yes,yes,yes,yes,08_NONEXECUTED_90_EVIDENCE/all_inputs_leak_target/35762018/specification.json; acquisition.json,"specifier explicitly says SRR16588097 is raw input, not leakage, and does not contain target value",2026-09-27T23:22:23.809373+00:00,AI_independent_evidence_review_FOR_INVESTIGATOR_APPROVAL
PMID:35798840,all_inputs_leak_target,unknown,,yes,yes,uncertain,yes,yes,08_NONEXECUTED_90_EVIDENCE/all_inputs_leak_target/35798840/specification.json; acquisition.json,XLSX leakage rationale is conditional; LIGHT lacks enough file content to establish whether target 64% result is already encoded,2026-09-27T23:22:23.809436+00:00,AI_independent_evidence_review_FOR_INVESTIGATOR_APPROVAL
PMID:36111561,gate_failed_delegated,confirmed,,yes,yes,no,uncertain,yes,08_NONEXECUTED_90_EVIDENCE/gate_failed_delegated/36111561/STATE.json; specification.json; screen_sources.json,At least one delegated gate is no under frozen rules; cited source segments support the recorded gate state and no clear contrary evidence was found in LIGHT.,2026-09-27T23:22:23.809512+00:00,AI_independent_evidence_review_FOR_INVESTIGATOR_APPROVAL
PMID:36153311,external_reference_resource_required_not_served,confirmed,,yes,yes,yes,yes,yes,08_NONEXECUTED_90_EVIDENCE/external_reference_resource_required_not_served/36153311/STATE.json; specification.json; screen_sources.json,Reconstruction requires served-package-external public reference resources (n=4); frozen protocol defines this as non-run.,2026-09-27T23:22:23.809571+00:00,AI_independent_evidence_review_FOR_INVESTIGATOR_APPROVAL
PMID:36156134,required_inputs_not_in_public_listing,confirmed,,yes,yes,uncertain,yes,yes,08_NONEXECUTED_90_EVIDENCE/required_inputs_not_in_public_listing/36156134/STATE.json; specification.json; screen_sources.json,Required analysis inputs cannot be completely identified/served from the frozen public deposit listing; no clear missed eligible input is evidenced in LIGHT.,2026-09-27T23:22:23.809631+00:00,AI_independent_evidence_review_FOR_INVESTIGATOR_APPROVAL
PMID:36198779,gate_failed_delegated,confirmed,,yes,yes,no,yes,yes,08_NONEXECUTED_90_EVIDENCE/gate_failed_delegated/36198779/STATE.json; specification.json; screen_sources.json,At least one delegated gate is no under frozen rules; cited source segments support the recorded gate state and no clear contrary evidence was found in LIGHT.,2026-09-27T23:22:23.809714+00:00,AI_independent_evidence_review_FOR_INVESTIGATOR_APPROVAL
PMID:36266291,external_reference_resource_required_not_served,confirmed,,yes,yes,uncertain,yes,yes,08_NONEXECUTED_90_EVIDENCE/external_reference_resource_required_not_served/36266291/STATE.json; specification.json; screen_sources.json,Reconstruction requires served-package-external public reference resources (n=1); frozen protocol defines this as non-run.,2026-09-27T23:22:23.809790+00:00,AI_independent_evidence_review_FOR_INVESTIGATOR_APPROVAL
PMID:36305581,gate_failed_delegated,confirmed,,yes,yes,no,yes,yes,08_NONEXECUTED_90_EVIDENCE/gate_failed_delegated/36305581/STATE.json; specification.json; screen_sources.json,At least one delegated gate is no under frozen rules; cited source segments support the recorded gate state and no clear contrary evidence was found in LIGHT.,2026-09-27T23:22:23.809987+00:00,AI_independent_evidence_review_FOR_INVESTIGATOR_APPROVAL
PMID:36307440,no_input_retained,confirmed,,yes,yes,yes,yes,yes,08_NONEXECUTED_90_EVIDENCE/no_input_retained/36307440/STATE.json; specification.json; screen_sources.json; acquisition.json,Required route was identified but retrieval/retention did not yield a served input under frozen acquisition evidence.,2026-09-27T23:22:23.810100+00:00,AI_independent_evidence_review_FOR_INVESTIGATOR_APPROVAL
PMID:36310873,external_reference_resource_required_not_served,confirmed,,yes,yes,yes,yes,yes,08_NONEXECUTED_90_EVIDENCE/external_reference_resource_required_not_served/36310873/STATE.json; specification.json; screen_sources.json,Reconstruction requires served-package-external public reference resources (n=2); frozen protocol defines this as non-run.,2026-09-27T23:22:23.810221+00:00,AI_independent_evidence_review_FOR_INVESTIGATOR_APPROVAL
PMID:36323312,required_inputs_not_in_public_listing,confirmed,,yes,yes,uncertain,yes,yes,08_NONEXECUTED_90_EVIDENCE/required_inputs_not_in_public_listing/36323312/STATE.json; specification.json; screen_sources.json,Required analysis inputs cannot be completely identified/served from the frozen public deposit listing; no clear missed eligible input is evidenced in LIGHT.,2026-09-27T23:22:23.810309+00:00,AI_independent_evidence_review_FOR_INVESTIGATOR_APPROVAL
PMID:36373930,required_inputs_not_in_public_listing,confirmed,,yes,yes,uncertain,yes,yes,08_NONEXECUTED_90_EVIDENCE/required_inputs_not_in_public_listing/36373930/STATE.json; specification.json; screen_sources.json,Required analysis inputs cannot be completely identified/served from the frozen public deposit listing; no clear missed eligible input is evidenced in LIGHT.,2026-09-27T23:22:23.810384+00:00,AI_independent_evidence_review_FOR_INVESTIGATOR_APPROVAL
PMID:36380453,gate_failed_delegated,confirmed,,yes,yes,yes,yes,no,08_NONEXECUTED_90_EVIDENCE/gate_failed_delegated/36380453/STATE.json; specification.json; screen_sources.json,At least one delegated gate is no under frozen rules; cited source segments support the recorded gate state and no clear contrary evidence was found in LIGHT.,2026-09-27T23:22:23.810468+00:00,AI_independent_evidence_review_FOR_INVESTIGATOR_APPROVAL
PMID:36399471,external_reference_resource_required_not_served,confirmed,,yes,yes,yes,yes,yes,08_NONEXECUTED_90_EVIDENCE/external_reference_resource_required_not_served/36399471/STATE.json; specification.json; screen_sources.json,Reconstruction requires served-package-external public reference resources (n=1); frozen protocol defines this as non-run.,2026-09-27T23:22:23.810535+00:00,AI_independent_evidence_review_FOR_INVESTIGATOR_APPROVAL
PMID:36422202,external_reference_resource_required_not_served,confirmed,,yes,yes,yes,yes,yes,08_NONEXECUTED_90_EVIDENCE/external_reference_resource_required_not_served/36422202/STATE.json; specification.json; screen_sources.json,Reconstruction requires served-package-external public reference resources (n=1); frozen protocol defines this as non-run.,2026-09-27T23:22:23.810600+00:00,AI_independent_evidence_review_FOR_INVESTIGATOR_APPROVAL
PMID:36469001,required_inputs_not_in_public_listing,confirmed,,yes,yes,uncertain,yes,yes,08_NONEXECUTED_90_EVIDENCE/required_inputs_not_in_public_listing/36469001/STATE.json; specification.json; screen_sources.json,Required analysis inputs cannot be completely identified/served from the frozen public deposit listing; no clear missed eligible input is evidenced in LIGHT.,2026-09-27T23:22:23.810691+00:00,AI_independent_evidence_review_FOR_INVESTIGATOR_APPROVAL
PMID:36590690,gate_failed_delegated,confirmed,,yes,yes,uncertain,yes,no,08_NONEXECUTED_90_EVIDENCE/gate_failed_delegated/36590690/STATE.json; specification.json; screen_sources.json,At least one delegated gate is no under frozen rules; cited source segments support the recorded gate state and no clear contrary evidence was found in LIGHT.,2026-09-27T23:22:23.810792+00:00,AI_independent_evidence_review_FOR_INVESTIGATOR_APPROVAL
PMID:36605200,specification_not_obtained,confirmed,,,,,,,08_NONEXECUTED_90_EVIDENCE/specification_not_obtained/36605200/STATE.json; specification.json; screen_sources.json,No validated frozen ten-field specification was obtained; package contains no completed eligible specification supporting execution.,2026-09-27T23:22:23.810867+00:00,AI_independent_evidence_review_FOR_INVESTIGATOR_APPROVAL
PMID:37540596,gate_failed_delegated,confirmed,,yes,yes,no,yes,yes,08_NONEXECUTED_90_EVIDENCE/gate_failed_delegated/37540596/STATE.json; specification.json; screen_sources.json,At least one delegated gate is no under frozen rules; cited source segments support the recorded gate state and no clear contrary evidence was found in LIGHT.,2026-09-27T23:22:23.810937+00:00,AI_independent_evidence_review_FOR_INVESTIGATOR_APPROVAL
PMID:37796927,external_reference_resource_required_not_served,confirmed,,yes,yes,yes,yes,yes,08_NONEXECUTED_90_EVIDENCE/external_reference_resource_required_not_served/37796927/STATE.json; specification.json; screen_sources.json,Reconstruction requires served-package-external public reference resources (n=2); frozen protocol defines this as non-run.,2026-09-27T23:22:23.811030+00:00,AI_independent_evidence_review_FOR_INVESTIGATOR_APPROVAL
PMID:37879938,gate_failed_delegated,confirmed,,yes,yes,no,yes,yes,08_NONEXECUTED_90_EVIDENCE/gate_failed_delegated/37879938/STATE.json; specification.json; screen_sources.json,At least one delegated gate is no under frozen rules; cited source segments support the recorded gate state and no clear contrary evidence was found in LIGHT.,2026-09-27T23:22:23.811115+00:00,AI_independent_evidence_review_FOR_INVESTIGATOR_APPROVAL
PMID:37935364,gate_failed_delegated,confirmed,,yes,yes,no,yes,yes,08_NONEXECUTED_90_EVIDENCE/gate_failed_delegated/37935364/STATE.json; specification.json; screen_sources.json,At least one delegated gate is no under frozen rules; cited source segments support the recorded gate state and no clear contrary evidence was found in LIGHT.,2026-09-27T23:22:23.811192+00:00,AI_independent_evidence_review_FOR_INVESTIGATOR_APPROVAL
PMID:38095636,external_reference_resource_required_not_served,confirmed,,yes,yes,yes,yes,yes,08_NONEXECUTED_90_EVIDENCE/external_reference_resource_required_not_served/38095636/STATE.json; specification.json; screen_sources.json,Reconstruction requires served-package-external public reference resources (n=1); frozen protocol defines this as non-run.,2026-09-27T23:22:23.811265+00:00,AI_independent_evidence_review_FOR_INVESTIGATOR_APPROVAL
PMID:38164328,required_inputs_not_in_public_listing,confirmed,,yes,yes,uncertain,yes,yes,08_NONEXECUTED_90_EVIDENCE/required_inputs_not_in_public_listing/38164328/STATE.json; specification.json; screen_sources.json,Required analysis inputs cannot be completely identified/served from the frozen public deposit listing; no clear missed eligible input is evidenced in LIGHT.,2026-09-27T23:22:23.811339+00:00,AI_independent_evidence_review_FOR_INVESTIGATOR_APPROVAL
PMID:38203551,external_reference_resource_required_not_served,confirmed,,yes,yes,yes,yes,yes,08_NONEXECUTED_90_EVIDENCE/external_reference_resource_required_not_served/38203551/STATE.json; specification.json; screen_sources.json,Reconstruction requires served-package-external public reference resources (n=1); frozen protocol defines this as non-run.,2026-09-27T23:22:23.811412+00:00,AI_independent_evidence_review_FOR_INVESTIGATOR_APPROVAL
PMID:38813350,all_inputs_leak_target,state_incorrect,gate_failed_delegated,yes,yes,yes,no,yes,08_NONEXECUTED_90_EVIDENCE/all_inputs_leak_target/38813350/specification.json; acquisition.json,"SAV is analysis input, not final adjusted-OR output; however final covariate set/missing handling/coding are insufficiently specified, so G4=no is more defensible",2026-09-27T23:22:23.811498+00:00,AI_independent_evidence_review_FOR_INVESTIGATOR_APPROVAL
PMID:39018359,required_inputs_not_in_public_listing,confirmed,,yes,yes,uncertain,yes,yes,08_NONEXECUTED_90_EVIDENCE/required_inputs_not_in_public_listing/39018359/STATE.json; specification.json; screen_sources.json,Required analysis inputs cannot be completely identified/served from the frozen public deposit listing; no clear missed eligible input is evidenced in LIGHT.,2026-09-27T23:22:23.811582+00:00,AI_independent_evidence_review_FOR_INVESTIGATOR_APPROVAL
PMID:39333064,required_inputs_not_in_public_listing,confirmed,,yes,yes,uncertain,yes,yes,08_NONEXECUTED_90_EVIDENCE/required_inputs_not_in_public_listing/39333064/STATE.json; specification.json; screen_sources.json,Required analysis inputs cannot be completely identified/served from the frozen public deposit listing; no clear missed eligible input is evidenced in LIGHT.,2026-09-27T23:22:23.811643+00:00,AI_independent_evidence_review_FOR_INVESTIGATOR_APPROVAL
PMID:39375688,required_inputs_not_in_public_listing,confirmed,,yes,yes,uncertain,yes,yes,08_NONEXECUTED_90_EVIDENCE/required_inputs_not_in_public_listing/39375688/STATE.json; specification.json; screen_sources.json,Required analysis inputs cannot be completely identified/served from the frozen public deposit listing; no clear missed eligible input is evidenced in LIGHT.,2026-09-27T23:22:23.811757+00:00,AI_independent_evidence_review_FOR_INVESTIGATOR_APPROVAL
PMID:39540287,external_reference_resource_required_not_served,confirmed,,yes,yes,uncertain,yes,yes,08_NONEXECUTED_90_EVIDENCE/external_reference_resource_required_not_served/39540287/STATE.json; specification.json; screen_sources.json,Reconstruction requires served-package-external public reference resources (n=1); frozen protocol defines this as non-run.,2026-09-27T23:22:23.811865+00:00,AI_independent_evidence_review_FOR_INVESTIGATOR_APPROVAL
PMID:39613774,gate_failed_delegated,confirmed,,no,yes,no,yes,yes,08_NONEXECUTED_90_EVIDENCE/gate_failed_delegated/39613774/STATE.json; specification.json; screen_sources.json,At least one delegated gate is no under frozen rules; cited source segments support the recorded gate state and no clear contrary evidence was found in LIGHT.,2026-09-27T23:22:23.811940+00:00,AI_independent_evidence_review_FOR_INVESTIGATOR_APPROVAL
PMID:39720891,specification_not_obtained,confirmed,,,,,,,08_NONEXECUTED_90_EVIDENCE/specification_not_obtained/39720891/STATE.json; specification.json; screen_sources.json,No validated frozen ten-field specification was obtained; package contains no completed eligible specification supporting execution.,2026-09-27T23:22:23.811975+00:00,AI_independent_evidence_review_FOR_INVESTIGATOR_APPROVAL
PMID:39732661,external_reference_resource_required_not_served,confirmed,,yes,yes,yes,yes,yes,08_NONEXECUTED_90_EVIDENCE/external_reference_resource_required_not_served/39732661/STATE.json; specification.json; screen_sources.json,Reconstruction requires served-package-external public reference resources (n=2); frozen protocol defines this as non-run.,2026-09-27T23:22:23.812122+00:00,AI_independent_evidence_review_FOR_INVESTIGATOR_APPROVAL
PMID:39732836,external_reference_resource_required_not_served,confirmed,,yes,yes,yes,yes,yes,08_NONEXECUTED_90_EVIDENCE/external_reference_resource_required_not_served/39732836/STATE.json; specification.json; screen_sources.json,Reconstruction requires served-package-external public reference resources (n=1); frozen protocol defines this as non-run.,2026-09-27T23:22:23.812212+00:00,AI_independent_evidence_review_FOR_INVESTIGATOR_APPROVAL
PMID:39816064,gate_failed_delegated,confirmed,,yes,yes,no,yes,yes,08_NONEXECUTED_90_EVIDENCE/gate_failed_delegated/39816064/STATE.json; specification.json; screen_sources.json,At least one delegated gate is no under frozen rules; cited source segments support the recorded gate state and no clear contrary evidence was found in LIGHT.,2026-09-27T23:22:23.812281+00:00,AI_independent_evidence_review_FOR_INVESTIGATOR_APPROVAL
PMID:39902187,external_reference_resource_required_not_served,confirmed,,yes,yes,yes,yes,yes,08_NONEXECUTED_90_EVIDENCE/external_reference_resource_required_not_served/39902187/STATE.json; specification.json; screen_sources.json,Reconstruction requires served-package-external public reference resources (n=2); frozen protocol defines this as non-run.,2026-09-27T23:22:23.812356+00:00,AI_independent_evidence_review_FOR_INVESTIGATOR_APPROVAL
PMID:40037544,external_reference_resource_required_not_served,confirmed,,yes,yes,yes,yes,yes,08_NONEXECUTED_90_EVIDENCE/external_reference_resource_required_not_served/40037544/STATE.json; specification.json; screen_sources.json,Reconstruction requires served-package-external public reference resources (n=2); frozen protocol defines this as non-run.,2026-09-27T23:22:23.812435+00:00,AI_independent_evidence_review_FOR_INVESTIGATOR_APPROVAL
PMID:40304046,required_inputs_not_in_public_listing,confirmed,,yes,yes,uncertain,yes,yes,08_NONEXECUTED_90_EVIDENCE/required_inputs_not_in_public_listing/40304046/STATE.json; specification.json; screen_sources.json,Required analysis inputs cannot be completely identified/served from the frozen public deposit listing; no clear missed eligible input is evidenced in LIGHT.,2026-09-27T23:22:23.812509+00:00,AI_independent_evidence_review_FOR_INVESTIGATOR_APPROVAL
PMID:40373015,specification_not_obtained,confirmed,,,,,,,08_NONEXECUTED_90_EVIDENCE/specification_not_obtained/40373015/STATE.json; specification.json; screen_sources.json,No validated frozen ten-field specification was obtained; package contains no completed eligible specification supporting execution.,2026-09-27T23:22:23.812543+00:00,AI_independent_evidence_review_FOR_INVESTIGATOR_APPROVAL
PMID:40604274,gate_failed_delegated,confirmed,,yes,yes,no,yes,no,08_NONEXECUTED_90_EVIDENCE/gate_failed_delegated/40604274/STATE.json; specification.json; screen_sources.json,At least one delegated gate is no under frozen rules; cited source segments support the recorded gate state and no clear contrary evidence was found in LIGHT.,2026-09-27T23:22:23.812620+00:00,AI_independent_evidence_review_FOR_INVESTIGATOR_APPROVAL
PMID:40685907,specification_not_obtained,confirmed,,,,,,,08_NONEXECUTED_90_EVIDENCE/specification_not_obtained/40685907/STATE.json; specification.json; screen_sources.json,No validated frozen ten-field specification was obtained; package contains no completed eligible specification supporting execution.,2026-09-27T23:22:23.812663+00:00,AI_independent_evidence_review_FOR_INVESTIGATOR_APPROVAL
PMID:40915917,external_reference_resource_required_not_served,confirmed,,yes,yes,yes,yes,yes,08_NONEXECUTED_90_EVIDENCE/external_reference_resource_required_not_served/40915917/STATE.json; specification.json; screen_sources.json,Reconstruction requires served-package-external public reference resources (n=1); frozen protocol defines this as non-run.,2026-09-27T23:22:23.812739+00:00,AI_independent_evidence_review_FOR_INVESTIGATOR_APPROVAL
PMID:41104632,specification_not_obtained,confirmed,,,,,,,08_NONEXECUTED_90_EVIDENCE/specification_not_obtained/41104632/STATE.json; specification.json; screen_sources.json,No validated frozen ten-field specification was obtained; package contains no completed eligible specification supporting execution.,2026-09-27T23:22:23.812770+00:00,AI_independent_evidence_review_FOR_INVESTIGATOR_APPROVAL
PMID:41118575,gate_failed_delegated,confirmed,,yes,yes,no,yes,yes,08_NONEXECUTED_90_EVIDENCE/gate_failed_delegated/41118575/STATE.json; specification.json; screen_sources.json,At least one delegated gate is no under frozen rules; cited source segments support the recorded gate state and no clear contrary evidence was found in LIGHT.,2026-09-27T23:22:23.812926+00:00,AI_independent_evidence_review_FOR_INVESTIGATOR_APPROVAL
PMID:41180196,gate_failed_delegated,confirmed,,yes,yes,no,yes,yes,08_NONEXECUTED_90_EVIDENCE/gate_failed_delegated/41180196/STATE.json; specification.json; screen_sources.json,At least one delegated gate is no under frozen rules; cited source segments support the recorded gate state and no clear contrary evidence was found in LIGHT.,2026-09-27T23:22:23.813019+00:00,AI_independent_evidence_review_FOR_INVESTIGATOR_APPROVAL
PMID:41193996,external_reference_resource_required_not_served,confirmed,,yes,yes,uncertain,yes,yes,08_NONEXECUTED_90_EVIDENCE/external_reference_resource_required_not_served/41193996/STATE.json; specification.json; screen_sources.json,Reconstruction requires served-package-external public reference resources (n=3); frozen protocol defines this as non-run.,2026-09-27T23:22:23.813097+00:00,AI_independent_evidence_review_FOR_INVESTIGATOR_APPROVAL
PMID:41219412,specification_not_obtained,confirmed,,,,,,,08_NONEXECUTED_90_EVIDENCE/specification_not_obtained/41219412/STATE.json; specification.json; screen_sources.json,No validated frozen ten-field specification was obtained; package contains no completed eligible specification supporting execution.,2026-09-27T23:22:23.813128+00:00,AI_independent_evidence_review_FOR_INVESTIGATOR_APPROVAL
PMID:41233595,required_inputs_not_in_public_listing,confirmed,,yes,yes,uncertain,yes,yes,08_NONEXECUTED_90_EVIDENCE/required_inputs_not_in_public_listing/41233595/STATE.json; specification.json; screen_sources.json,Required analysis inputs cannot be completely identified/served from the frozen public deposit listing; no clear missed eligible input is evidenced in LIGHT.,2026-09-27T23:22:23.813203+00:00,AI_independent_evidence_review_FOR_INVESTIGATOR_APPROVAL
PMID:41257959,external_reference_resource_required_not_served,confirmed,,yes,yes,uncertain,yes,yes,08_NONEXECUTED_90_EVIDENCE/external_reference_resource_required_not_served/41257959/STATE.json; specification.json; screen_sources.json,Reconstruction requires served-package-external public reference resources (n=2); frozen protocol defines this as non-run.,2026-09-27T23:22:23.813642+00:00,AI_independent_evidence_review_FOR_INVESTIGATOR_APPROVAL
PMID:41299027,external_reference_resource_required_not_served,confirmed,,yes,yes,uncertain,yes,yes,08_NONEXECUTED_90_EVIDENCE/external_reference_resource_required_not_served/41299027/STATE.json; specification.json; screen_sources.json,Reconstruction requires served-package-external public reference resources (n=6); frozen protocol defines this as non-run.,2026-09-27T23:22:23.813759+00:00,AI_independent_evidence_review_FOR_INVESTIGATOR_APPROVAL
PMID:41306588,external_reference_resource_required_not_served,confirmed,,yes,yes,yes,yes,yes,08_NONEXECUTED_90_EVIDENCE/external_reference_resource_required_not_served/41306588/STATE.json; specification.json; screen_sources.json,Reconstruction requires served-package-external public reference resources (n=1); frozen protocol defines this as non-run.,2026-09-27T23:22:23.813873+00:00,AI_independent_evidence_review_FOR_INVESTIGATOR_APPROVAL
PMID:41345772,external_reference_resource_required_not_served,confirmed,,yes,yes,uncertain,yes,yes,08_NONEXECUTED_90_EVIDENCE/external_reference_resource_required_not_served/41345772/STATE.json; specification.json; screen_sources.json,Reconstruction requires served-package-external public reference resources (n=2); frozen protocol defines this as non-run.,2026-09-27T23:22:23.813971+00:00,AI_independent_evidence_review_FOR_INVESTIGATOR_APPROVAL
PMID:41413899,external_reference_resource_required_not_served,confirmed,,yes,yes,yes,yes,yes,08_NONEXECUTED_90_EVIDENCE/external_reference_resource_required_not_served/41413899/STATE.json; specification.json; screen_sources.json,Reconstruction requires served-package-external public reference resources (n=2); frozen protocol defines this as non-run.,2026-09-27T23:22:23.814066+00:00,AI_independent_evidence_review_FOR_INVESTIGATOR_APPROVAL
PMID:41442027,gate_failed_delegated,confirmed,,yes,yes,no,yes,yes,08_NONEXECUTED_90_EVIDENCE/gate_failed_delegated/41442027/STATE.json; specification.json; screen_sources.json,At least one delegated gate is no under frozen rules; cited source segments support the recorded gate state and no clear contrary evidence was found in LIGHT.,2026-09-27T23:22:23.814151+00:00,AI_independent_evidence_review_FOR_INVESTIGATOR_APPROVAL
PMID:41450535,all_inputs_leak_target,state_incorrect,specifiable_runnable,yes,yes,yes,yes,yes,08_NONEXECUTED_90_EVIDENCE/all_inputs_leak_target/41450535/specification.json; acquisition.json,Matrix/RAW files are expression-analysis inputs; leakage rationale is only may/if and does not establish target counts are encoded,2026-09-27T23:22:23.814226+00:00,AI_independent_evidence_review_FOR_INVESTIGATOR_APPROVAL
PMID:41454187,target_value_not_located_verbatim,confirmed,,yes,yes,yes,uncertain,yes,08_NONEXECUTED_90_EVIDENCE/target_value_not_located_verbatim/41454187/STATE.json; specification.json; screen_sources.json,Frozen protocol requires verbatim principal target value; packaged specification/screen evidence does not establish the required target location.,2026-09-27T23:22:23.814312+00:00,AI_independent_evidence_review_FOR_INVESTIGATOR_APPROVAL
PMID:41460829,target_value_not_located_verbatim,confirmed,,yes,yes,uncertain,yes,yes,08_NONEXECUTED_90_EVIDENCE/target_value_not_located_verbatim/41460829/STATE.json; specification.json; screen_sources.json,Frozen protocol requires verbatim principal target value; packaged specification/screen evidence does not establish the required target location.,2026-09-27T23:22:23.814386+00:00,AI_independent_evidence_review_FOR_INVESTIGATOR_APPROVAL
PMID:41469386,all_inputs_leak_target,state_incorrect,required_inputs_not_in_public_listing,yes,yes,no,yes,yes,08_NONEXECUTED_90_EVIDENCE/all_inputs_leak_target/41469386/specification.json; acquisition.json,"specifier explicitly says all three files are inputs not target results; however only 3 of 36 benchmark datasets are in served listing, so required inputs are incomplete",2026-09-27T23:22:23.814471+00:00,AI_independent_evidence_review_FOR_INVESTIGATOR_APPROVAL
PMID:41472734,required_inputs_not_in_public_listing,confirmed,,yes,yes,uncertain,uncertain,yes,08_NONEXECUTED_90_EVIDENCE/required_inputs_not_in_public_listing/41472734/STATE.json; specification.json; screen_sources.json,Required analysis inputs cannot be completely identified/served from the frozen public deposit listing; no clear missed eligible input is evidenced in LIGHT.,2026-09-27T23:22:23.814558+00:00,AI_independent_evidence_review_FOR_INVESTIGATOR_APPROVAL
PMID:41502527,specification_not_obtained,confirmed,,,,,,,08_NONEXECUTED_90_EVIDENCE/specification_not_obtained/41502527/STATE.json; specification.json; screen_sources.json,No validated frozen ten-field specification was obtained; package contains no completed eligible specification supporting execution.,2026-09-27T23:22:23.814595+00:00,AI_independent_evidence_review_FOR_INVESTIGATOR_APPROVAL
PMID:41573549,gate_failed_delegated,confirmed,,yes,yes,uncertain,yes,no,08_NONEXECUTED_90_EVIDENCE/gate_failed_delegated/41573549/STATE.json; specification.json; screen_sources.json,At least one delegated gate is no under frozen rules; cited source segments support the recorded gate state and no clear contrary evidence was found in LIGHT.,2026-09-27T23:22:23.814689+00:00,AI_independent_evidence_review_FOR_INVESTIGATOR_APPROVAL
