paper_id,identifier,repository_kind,file_name,url,retrieved_at_utc,repository_version_identifier,query_or_api_parameters,bytes,sha256,announced_checksum,announced_checksum_matches,schema_or_release_identifier,license_redistribution_status,historical_version_check
PMID:33072212,geo:GSE9476:GSE9476_RAW.tar,geo,GSE9476_RAW.tar,https://ftp.ncbi.nlm.nih.gov/geo/series/GSE9nnn/GSE9476/suppl/GSE9476_RAW.tar,2026-09-27T05:07:27.090527+00:00,not recorded (live service snapshot),GET anonymous public deposited analysis input; no implementation material,225699840,a1f4faa2dcd34134732e8a94cf0a0c6e25ac1217007bd65186e546ad374bf70d,none announced,,not recorded,local evidence only; deposit licence recorded in the listing evidence,not assessed
PMID:34495251,geo:GSE47472:GSE47472_RAW.tar,geo,GSE47472_RAW.tar,https://ftp.ncbi.nlm.nih.gov/geo/series/GSE47nnn/GSE47472/suppl/GSE47472_RAW.tar,2026-09-27T03:48:44.780430+00:00,not recorded (live service snapshot),GET anonymous public deposited analysis input; no implementation material,27443200,19dbc61b4da9ac807799a96081f4eae405079dad108b82a9d2bdb74678cdb948,none announced,,not recorded,local evidence only; deposit licence recorded in the listing evidence,not assessed
PMID:34495251,geo:GSE57691:GSE57691_RAW.tar,geo,GSE57691_RAW.tar,https://ftp.ncbi.nlm.nih.gov/geo/series/GSE47nnn/GSE47472/suppl/GSE47472_RAW.tar,2026-09-27T03:48:44.780430+00:00,not recorded (live service snapshot),GET anonymous public deposited analysis input; no implementation material,27443200,19dbc61b4da9ac807799a96081f4eae405079dad108b82a9d2bdb74678cdb948,none announced,,not recorded,local evidence only; deposit licence recorded in the listing evidence,not assessed
PMID:34495251,geo:GSE98278:GSE98278_RAW.tar,geo,GSE98278_RAW.tar,https://ftp.ncbi.nlm.nih.gov/geo/series/GSE98nnn/GSE98278/suppl/GSE98278_RAW.tar,2026-09-27T03:48:55.191216+00:00,not recorded (live service snapshot),GET anonymous public deposited analysis input; no implementation material,132608000,50b7d07cc4a31a4c969720a3c66142e5128df7b9fb7c062386e5469dd822c54d,none announced,,not recorded,local evidence only; deposit licence recorded in the listing evidence,not assessed
PMID:34731224,geo:GSE168396:GSE168396_Trinity.gene.fasta.gz,geo,GSE168396_Trinity.gene.fasta.gz,https://ftp.ncbi.nlm.nih.gov/geo/series/GSE168nnn/GSE168396/suppl/GSE168396_Trinity.gene.fasta.gz,2026-09-27T03:46:06.349425+00:00,not recorded (live service snapshot),GET anonymous public deposited analysis input; no implementation material,14963542,26cd8fcf95841a6c2c5113eb69b67b6c0b778388fc9aea0a2dcb7c20753c8794,none announced,,not recorded,local evidence only; deposit licence recorded in the listing evidence,not assessed
PMID:39830509,geo:GSE152042:GSE152042_RAW.tar,geo,GSE152042_RAW.tar,https://ftp.ncbi.nlm.nih.gov/geo/series/GSE152nnn/GSE152042/suppl/GSE152042_RAW.tar,2026-09-27T04:42:44.619102+00:00,not recorded (live service snapshot),GET anonymous public deposited analysis input; no implementation material,44800000,c91e564c4002309cc24ab0810e54d10b78f149a528ae65c9d78028fc741b94ca,none announced,,not recorded,local evidence only; deposit licence recorded in the listing evidence,not assessed
PMID:39895948,figshare:23684778:Data analysis Excel sheet TB.xlsx,figshare,Data analysis Excel sheet TB.xlsx,https://ndownloader.figshare.com/files/46609609,2026-09-27T04:29:45.149822+00:00,not recorded (live service snapshot),GET anonymous public deposited analysis input; no implementation material,19807,db880ae5a4239c6b12fa59973421773a76b20a1b85d9f5df9d8d6f5540c8a165,md5 announced,yes,not recorded,local evidence only; deposit licence recorded in the listing evidence,not assessed
PMID:40956867,zenodo:15007585:c1global1nfd_public.bed,zenodo,c1global1nfd_public.bed,https://zenodo.org/api/records/15007585/files/c1global1nfd_public.bed/content,2026-09-27T04:01:12.639976+00:00,not recorded (live service snapshot),GET anonymous public deposited analysis input; no implementation material,20313175,5f263c00076fa4e77f3a10c7411c720f42287a0feaf02869669517c5c4445881,md5 announced,yes,not recorded,local evidence only; deposit licence recorded in the listing evidence,not assessed
PMID:40956867,zenodo:15007585:c1global1nfd_public.fam,zenodo,c1global1nfd_public.fam,https://zenodo.org/api/records/15007585/files/c1global1nfd_public.fam/content,2026-09-27T04:01:14.629429+00:00,not recorded (live service snapshot),GET anonymous public deposited analysis input; no implementation material,144711,9416843d652837b695ed1a0f8fdb40283aeb6a2aa0c296e89877cdcab0c938dd,md5 announced,yes,not recorded,local evidence only; deposit licence recorded in the listing evidence,not assessed
PMID:40956867,zenodo:15007585:c1global1nfd_public.indiv_meta,zenodo,c1global1nfd_public.indiv_meta,https://zenodo.org/api/records/15007585/files/c1global1nfd_public.indiv_meta/content,2026-09-27T04:01:15.954374+00:00,not recorded (live service snapshot),GET anonymous public deposited analysis input; no implementation material,290926,2b42474a5b4a2df2ff3f597e07e975a67eb5598633a10c651575fa38a8e4ccec,md5 announced,yes,not recorded,local evidence only; deposit licence recorded in the listing evidence,not assessed
PMID:40956867,zenodo:15007585:c1global1nfd_public.bim,zenodo,c1global1nfd_public.bim,https://zenodo.org/api/records/15007585/files/c1global1nfd_public.bim/content,2026-09-27T04:01:17.981640+00:00,not recorded (live service snapshot),GET anonymous public deposited analysis input; no implementation material,585206,dff0000349bbc4dd52e2419c7a7f4b330cee5619f5546c105c3dad5b3f3f4038,md5 announced,yes,not recorded,local evidence only; deposit licence recorded in the listing evidence,not assessed
PMID:41091855,zenodo:17186083:LDSC_ADGWAX_QTRAIT.RData,zenodo,LDSC_ADGWAX_QTRAIT.RData,https://zenodo.org/api/records/17186083/files/LDSC_ADGWAX_QTRAIT.RData/content,2026-09-26T02:50:38.116193+00:00,not recorded (live service snapshot),GET anonymous public deposited analysis input; no implementation material,332322,441cd440d9a17e20d9cc9da7207e790e2bf480a96f260d79987048ea354b7055,md5 announced,yes,not recorded,local evidence only; deposit licence recorded in the listing evidence,not assessed
PMID:41472739,bioproject:PRJNA1336462:SRR35674621,bioproject,SRR35674621,https://ftp.sra.ebi.ac.uk/vol1/fastq/SRR356/021/SRR35674621/SRR35674621.fastq.gz,2026-09-27T03:53:13.141150+00:00,not recorded (live service snapshot),GET anonymous public deposited analysis input; no implementation material,13993138,7ffbdc45f75433eb1d432ceca1890239118ad553457054dfb6c6f5e947fe9b25,none announced,,not recorded,local evidence only; deposit licence recorded in the listing evidence,not assessed
PMID:41472739,bioproject:PRJNA1336462:SRR35674618,bioproject,SRR35674618,https://ftp.sra.ebi.ac.uk/vol1/fastq/SRR356/018/SRR35674618/SRR35674618.fastq.gz,2026-09-27T03:53:50.697065+00:00,not recorded (live service snapshot),GET anonymous public deposited analysis input; no implementation material,16884329,3b941ad37df4d94672e4ad99301b6cc5bfac71a56c872fa00c0f93d36788a331,none announced,,not recorded,local evidence only; deposit licence recorded in the listing evidence,not assessed
PMID:41472739,bioproject:PRJNA1336462:SRR35674609,bioproject,SRR35674609,https://ftp.sra.ebi.ac.uk/vol1/fastq/SRR356/009/SRR35674609/SRR35674609.fastq.gz,2026-09-27T03:54:11.709665+00:00,not recorded (live service snapshot),GET anonymous public deposited analysis input; no implementation material,15993067,61345f3c6b80a1bf5659f3b1af915e44cbd53548f5c80e94802bbc229a2399c2,none announced,,not recorded,local evidence only; deposit licence recorded in the listing evidence,not assessed
PMID:41472739,bioproject:PRJNA1336462:SRR35674608,bioproject,SRR35674608,https://ftp.sra.ebi.ac.uk/vol1/fastq/SRR356/008/SRR35674608/SRR35674608.fastq.gz,2026-09-27T03:55:55.401526+00:00,not recorded (live service snapshot),GET anonymous public deposited analysis input; no implementation material,18935206,ae245e16a03e3e2a05ced41181f84dad3948b5c5bd7749808bd66e17a10e11cc,none announced,,not recorded,local evidence only; deposit licence recorded in the listing evidence,not assessed
PMID:41472739,bioproject:PRJNA1336462:SRR35674611,bioproject,SRR35674611,https://ftp.sra.ebi.ac.uk/vol1/fastq/SRR356/011/SRR35674611/SRR35674611.fastq.gz,2026-09-27T03:56:10.996314+00:00,not recorded (live service snapshot),GET anonymous public deposited analysis input; no implementation material,12052415,b526559d10dabd795c28983f07d4cd670c22310a70f196a6e73508b202dca696,none announced,,not recorded,local evidence only; deposit licence recorded in the listing evidence,not assessed
PMID:41472739,bioproject:PRJNA1336462:SRR35674619,bioproject,SRR35674619,https://ftp.sra.ebi.ac.uk/vol1/fastq/SRR356/019/SRR35674619/SRR35674619.fastq.gz,2026-09-27T03:57:15.475883+00:00,not recorded (live service snapshot),GET anonymous public deposited analysis input; no implementation material,11980191,aa561549059e48188bebe4e0aac65e20b1657ff7c96cdc01746be3e27eb58d74,none announced,,not recorded,local evidence only; deposit licence recorded in the listing evidence,not assessed
PMID:41472739,bioproject:PRJNA1336462:SRR35674627,bioproject,SRR35674627,https://ftp.sra.ebi.ac.uk/vol1/fastq/SRR356/027/SRR35674627/SRR35674627.fastq.gz,2026-09-27T03:58:02.615381+00:00,not recorded (live service snapshot),GET anonymous public deposited analysis input; no implementation material,14090439,de2be5e5b706d085d8083249c7a9b05dab3229388749dd2bb036eccb23ef3036,none announced,,not recorded,local evidence only; deposit licence recorded in the listing evidence,not assessed
PMID:41563087,figshare:30161449:Open data_digital learning spaces.xlsx,figshare,Open data_digital learning spaces.xlsx,https://ndownloader.figshare.com/files/58083634,2026-09-27T04:39:59.587707+00:00,not recorded (live service snapshot),GET anonymous public deposited analysis input; no implementation material,50381,c4e4bf949e2479d9310ffe1fb47a2b98a8e52db1d7e18f8cdb6e67ed93d8f794,md5 announced,yes,not recorded,local evidence only; deposit licence recorded in the listing evidence,not assessed
PMID:41677189,geo:GSE273569:GSE273569_Males_Unnormalized_Count_Matrix.txt.gz,geo,GSE273569_Males_Unnormalized_Count_Matrix.txt.gz,https://ftp.ncbi.nlm.nih.gov/geo/series/GSE273nnn/GSE273569/suppl/GSE273569_Males_Unnormalized_Count_Matrix.txt.gz,2026-09-27T04:50:02.101051+00:00,not recorded (live service snapshot),GET anonymous public deposited analysis input; no implementation material,367652,ea879d883c5cf2ade76b55220384afec98556af0faee0220ad04e8ee7a3c30a2,none announced,,not recorded,local evidence only; deposit licence recorded in the listing evidence,not assessed
