paper_id,sampling_stratum,candidate_rank,G1_computationally_testable,G2_principal_target_identifiable,G3_input_accessibility,G4_resource_accessibility,G5_specification_sufficient_for_attempt,route_kinds,route_exclusion_class,candidate_data_bytes,implementation_files_withheld,deposit_role,outcome_leakage,amended_disposition,article_source_sha256,evidence_segment_ids,assessment_status
PMID:39327328,Biomedical_Basic,14,yes,uncertain,public,available,uncertain,,deposited_input_mismatch,0,0,deposit_does_not_contain_article_datasets,not_applicable_inputs_not_deposited,excluded_deposited_input_mismatch,ff67098a0fee82ef45a1b2a4df62a92124db66c76abef17d5c0200404085989d,S0015;S0016;S0028;S0033;S0018;S0027;S0036,DEVIN_PRIMARY_PENDING_INVESTIGATOR_VERIFICATION
PMID:41444829,Clinical_Medicine,46,yes,yes,public,available,uncertain,zenodo,,1003373220,1,input_with_implementation_withheld,none_expected_listing_only_unless_archives_contain_model_outputs,main_sample_candidate,337322233b5c89640e4e9f5ade7ede64573224d7718a5d71993d5ce605bb0fbe,S0036;S0215;S0216;S0175;S0174,DEVIN_PRIMARY_PENDING_INVESTIGATOR_VERIFICATION
PMID:41466177,Chemistry_Materials,41,yes,yes,public,available,sufficient,,deposited_output_only,0,0,mixed_input_and_target_output_in_one_file,target_disclosed_by_deposited_file,excluded_deposited_output_only,eef5a5dcd5e5c3241536aaaa422e96133319be777f5675e65fa3205ae349027f,S0078;S0033;S0037;S0047;S0078,DEVIN_PRIMARY_PENDING_INVESTIGATOR_VERIFICATION
PMID:35767539,Physics_Engineering,202,yes,yes,public,available,uncertain,dryad,,19610223,0,input_raw_network,none,main_sample_candidate,61d4c5707381b8c7a6f96c24756b4c542960b03575d72f214314ca221357b07f,S0052;S0052;S0053;S0054;S0065,DEVIN_PRIMARY_PENDING_INVESTIGATOR_VERIFICATION
PMID:35136578,Social_Behavioral,59,yes,yes,public,available,uncertain,figshare,,347590,0,input_raw_records,none,main_sample_candidate,f5212cb66aefc8635fbbc12c30d57763297fc8303d1729f7e64a0d0e5293144e,S0031;S0032;S0037;S0078;S0008,DEVIN_PRIMARY_PENDING_INVESTIGATOR_VERIFICATION
PMID:36286480,Computational_Science,9,yes,yes,unknown,available,uncertain,bioproject,,4365260606,0,input_raw_reads_not_inspected,none_expected_listing_only,main_sample_candidate_conditional_on_input_completeness_check,85f8a966b78f240774e7298682eb7643be31e18ec050c34b55072a5d4e040b72,S0006;S0027;S0031;S0021;S0026,DEVIN_PRIMARY_PENDING_INVESTIGATOR_VERIFICATION
PMID:35388942,Environmental_Earth,59,yes,yes,public,available,sufficient,dryad,,200249,0,input_raw_measurements_with_one_summary_sheet,"none_for_principal_target (Data S1 discloses Figure 2 stocks, which are not the target)",main_sample_candidate,86ec5b9cae56dd90d1029544db76c10339b33d01f57a5cce549e5f4c1a514da6,S0032;S0033;S0034;S0037;S0038,DEVIN_PRIMARY_PENDING_INVESTIGATOR_VERIFICATION
PMID:35003117,Chemistry_Materials,46,yes,yes,public,available,uncertain,geo,,430297,0,input_raw_counts,none_in_deposited_files,main_sample_candidate,3a199831217522896019bfa8a0abe87c63213d9babcbc8322d21dda53009a020,S0024;S0050;S0086;S0039;S0024,DEVIN_PRIMARY_PENDING_INVESTIGATOR_VERIFICATION
PMID:33016314,Biomedical_Basic,46,yes,yes,public,available,uncertain,bioproject,,904989634,0,input_raw_reads,none_in_deposited_files,main_sample_candidate,c75a408ab0bdc03aab13f2aa28cdf4608c46c6e35a97190560d452cf3a48f7a4,S0056;S0067;S0156;S0057;S0066,DEVIN_PRIMARY_PENDING_INVESTIGATOR_VERIFICATION
