paper_id,run_id,primary_code,secondary_codes,earliest_level,observation,attribution,evidence_id
PMID:33072212,33072212-slot1,F13,,L3,stop_reason=wall_limit; served_input_executions=12; L3=not_established,delegated_primary_mechanical; human adjudication pending,main-run-20260925/runs/PMID_33072212/slot-1
PMID:33072212,33072212-slot2,F13,,L3,stop_reason=tool_limit; served_input_executions=14; L3=not_established,delegated_primary_mechanical; human adjudication pending,main-run-20260925/runs/PMID_33072212/slot-2
PMID:33072212,33072212-slot3,F13,,L3,stop_reason=tool_limit; served_input_executions=3; L3=not_established,delegated_primary_mechanical; human adjudication pending,main-run-20260925/runs/PMID_33072212/slot-3
PMID:34495251,34495251-slot2,F13,,L3,stop_reason=tool_limit; served_input_executions=4; L3=not_established,delegated_primary_mechanical; human adjudication pending,main-run-20260925/runs/PMID_34495251/slot-2
PMID:34495251,34495251-slot3,F13,,L3,stop_reason=token_reserve_limit; served_input_executions=4; L3=not_established,delegated_primary_mechanical; human adjudication pending,main-run-20260925/runs/PMID_34495251/slot-3
PMID:34731224,34731224-slot1,F01,F03,L3,stop_reason=final_report; served_input_executions=5; L3=not_established,delegated_primary_mechanical; human adjudication pending,main-run-20260925/runs/PMID_34731224/slot-1
PMID:34731224,34731224-slot2,F01,F03,L3,stop_reason=final_report; served_input_executions=5; L3=not_established,delegated_primary_mechanical; human adjudication pending,main-run-20260925/runs/PMID_34731224/slot-2
PMID:34731224,34731224-slot3,F13,,L3,stop_reason=token_reserve_limit; served_input_executions=3; L3=not_established,delegated_primary_mechanical; human adjudication pending,main-run-20260925/runs/PMID_34731224/slot-3
PMID:39830509,39830509-slot1,F13,,L3,stop_reason=tool_limit; served_input_executions=2; L3=not_established,delegated_primary_mechanical; human adjudication pending,main-run-20260925/runs/PMID_39830509/slot-1
PMID:39830509,39830509-slot2,F15,,L3,stop_reason=final_report; served_input_executions=3; L3=not_established,delegated_primary_mechanical; human adjudication pending,main-run-20260925/runs/PMID_39830509/slot-2
PMID:39830509,39830509-slot3,F13,,L3,stop_reason=tool_limit; served_input_executions=2; L3=not_established,delegated_primary_mechanical; human adjudication pending,main-run-20260925/runs/PMID_39830509/slot-3
PMID:39895948,39895948-slot1,F13,,L3,stop_reason=tool_limit; served_input_executions=34; L3=not_established,delegated_primary_mechanical; human adjudication pending,main-run-20260925/runs/PMID_39895948/slot-1
PMID:39895948,39895948-slot2,F13,,L3,stop_reason=tool_limit; served_input_executions=35; L3=not_established,delegated_primary_mechanical; human adjudication pending,main-run-20260925/runs/PMID_39895948/slot-2
PMID:39895948,39895948-slot3,F20,,L4,stop_reason=final_report; served_input_executions=15; L3=yes,delegated_primary_mechanical; human adjudication pending,main-run-20260925/runs/PMID_39895948/slot-3
PMID:40956867,40956867-slot1,F13,,L3,stop_reason=tool_limit; served_input_executions=21; L3=not_established,delegated_primary_mechanical; human adjudication pending,main-run-20260925/runs/PMID_40956867/slot-1
PMID:40956867,40956867-slot2,F13,,L3,stop_reason=tool_limit; served_input_executions=1; L3=not_established,delegated_primary_mechanical; human adjudication pending,main-run-20260925/runs/PMID_40956867/slot-2
PMID:40956867,40956867-slot3,F13,,L3,stop_reason=tool_limit; served_input_executions=8; L3=not_established,delegated_primary_mechanical; human adjudication pending,main-run-20260925/runs/PMID_40956867/slot-3
PMID:41091855,41091855-slot1,F13,,L3,stop_reason=tool_limit; served_input_executions=9; L3=not_established,delegated_primary_mechanical; human adjudication pending,main-run-20260925/runs/PMID_41091855/slot-1
PMID:41091855,41091855-slot2,F13,,L3,stop_reason=tool_limit; served_input_executions=28; L3=not_established,delegated_primary_mechanical; human adjudication pending,main-run-20260925/runs/PMID_41091855/slot-2
PMID:41091855,41091855-slot3,F15,,L3,stop_reason=malformed_action_limit; served_input_executions=15; L3=not_established,delegated_primary_mechanical; human adjudication pending,main-run-20260925/runs/PMID_41091855/slot-3
PMID:41472739,41472739-slot1,F01,,L3,stop_reason=final_report; served_input_executions=5; L3=not_established,delegated_primary_mechanical; human adjudication pending,main-run-20260925/runs/PMID_41472739/slot-1
PMID:41472739,41472739-slot2,F15,F01,L3,stop_reason=final_report; served_input_executions=4; L3=not_established,delegated_primary_mechanical; human adjudication pending,main-run-20260925/runs/PMID_41472739/slot-2
PMID:41472739,41472739-slot3,F01,,L3,stop_reason=final_report; served_input_executions=6; L3=not_established,delegated_primary_mechanical; human adjudication pending,main-run-20260925/runs/PMID_41472739/slot-3
PMID:41563087,41563087-slot1,F13,,L3,stop_reason=tool_limit; served_input_executions=40; L3=not_established,delegated_primary_mechanical; human adjudication pending,main-run-20260925/runs/PMID_41563087/slot-1
PMID:41563087,41563087-slot2,F20,,L4,stop_reason=final_report; served_input_executions=22; L3=yes,delegated_primary_mechanical; human adjudication pending,main-run-20260925/runs/PMID_41563087/slot-2
PMID:41677189,41677189-slot1,F13,,L3,stop_reason=tool_limit; served_input_executions=3; L3=not_established,delegated_primary_mechanical; human adjudication pending,main-run-20260925/runs/PMID_41677189/slot-1
PMID:41677189,41677189-slot2,F13,,L3,stop_reason=tool_limit; served_input_executions=31; L3=not_established,delegated_primary_mechanical; human adjudication pending,main-run-20260925/runs/PMID_41677189/slot-2
PMID:41677189,41677189-slot3,F13,,L3,stop_reason=tool_limit; served_input_executions=29; L3=not_established,delegated_primary_mechanical; human adjudication pending,main-run-20260925/runs/PMID_41677189/slot-3
