claim_id,value,unit,status,source_id,source_sha256,analysis,derived_file,claim_scope
source_records,10000,count,observed_source_audit,output/extracted_data.csv,08068a5662968c8ffd1b70c7d61b3a6a4ed0cc42dda02f40ca0d113be3b750d0,src/paper2/build.py:build,results/corpus_audit.json,deposited_corpus_not_reconstruction_outcome
unique_pmids,9935,count,observed_source_audit,output/extracted_data.csv,08068a5662968c8ffd1b70c7d61b3a6a4ed0cc42dda02f40ca0d113be3b750d0,src/paper2/build.py:build,results/corpus_audit.json,deposited_corpus_not_reconstruction_outcome
excess_records,65,count,observed_source_audit,output/extracted_data.csv,08068a5662968c8ffd1b70c7d61b3a6a4ed0cc42dda02f40ca0d113be3b750d0,src/paper2/build.py:build,results/corpus_audit.json,deposited_corpus_not_reconstruction_outcome
duplicated_pmids,64,count,observed_source_audit,output/extracted_data.csv,08068a5662968c8ffd1b70c7d61b3a6a4ed0cc42dda02f40ca0d113be3b750d0,src/paper2/build.py:build,results/corpus_audit.json,deposited_corpus_not_reconstruction_outcome
double_occurrence_pmids,63,count,observed_source_audit,output/extracted_data.csv,08068a5662968c8ffd1b70c7d61b3a6a4ed0cc42dda02f40ca0d113be3b750d0,src/paper2/build.py:build,results/corpus_audit.json,deposited_corpus_not_reconstruction_outcome
triple_occurrence_pmids,1,count,observed_source_audit,output/extracted_data.csv,08068a5662968c8ffd1b70c7d61b3a6a4ed0cc42dda02f40ca0d113be3b750d0,src/paper2/build.py:build,results/corpus_audit.json,deposited_corpus_not_reconstruction_outcome
unique_pmid_field_pairs,9996,count,observed_source_audit,output/extracted_data.csv,08068a5662968c8ffd1b70c7d61b3a6a4ed0cc42dda02f40ca0d113be3b750d0,src/paper2/build.py:build,results/corpus_audit.json,deposited_corpus_not_reconstruction_outcome
within_field_excess_records,4,count,observed_source_audit,output/extracted_data.csv,08068a5662968c8ffd1b70c7d61b3a6a4ed0cc42dda02f40ca0d113be3b750d0,src/paper2/build.py:build,results/corpus_audit.json,deposited_corpus_not_reconstruction_outcome
multi_field_pmids,60,count,observed_source_audit,output/extracted_data.csv,08068a5662968c8ffd1b70c7d61b3a6a4ed0cc42dda02f40ca0d113be3b750d0,src/paper2/build.py:build,results/corpus_audit.json,deposited_corpus_not_reconstruction_outcome
epj_fields,7,count,observed_source_audit,output/extracted_data.csv,08068a5662968c8ffd1b70c7d61b3a6a4ed0cc42dda02f40ca0d113be3b750d0,src/paper2/build.py:build,results/corpus_audit.json,deposited_corpus_not_reconstruction_outcome
missing_doi_records,134,count,observed_source_audit,output/extracted_data.csv,08068a5662968c8ffd1b70c7d61b3a6a4ed0cc42dda02f40ca0d113be3b750d0,src/paper2/build.py:build,results/corpus_audit.json,deposited_corpus_not_reconstruction_outcome
main_eligible_population,461,count,frozen_mechanical_delegated_adjudication,data/adjudication/main-study-20260925/,350a0e7dcedbb74ccad2472c642318c87cc7d272f1b6c88186a1419dc858ea5a,src/paper2/verification_layer.py:Importer.run,results/verification_adjusted/verification_import_audit.json,denominator
main_cohort_selected,100,count,frozen_mechanical_delegated_adjudication,data/adjudication/main-study-20260925/,350a0e7dcedbb74ccad2472c642318c87cc7d272f1b6c88186a1419dc858ea5a,src/paper2/verification_layer.py:Importer.run,results/verification_adjusted/verification_import_audit.json,denominator
main_attempted_papers,10,count,frozen_mechanical_delegated_adjudication,data/adjudication/main-study-20260925/,350a0e7dcedbb74ccad2472c642318c87cc7d272f1b6c88186a1419dc858ea5a,src/paper2/verification_layer.py:Importer.run,results/verification_adjusted/verification_import_audit.json,attempt_reachability_numerator
main_non_executed_papers,90,count,frozen_mechanical_delegated_adjudication,data/adjudication/main-study-20260925/,350a0e7dcedbb74ccad2472c642318c87cc7d272f1b6c88186a1419dc858ea5a,src/paper2/verification_layer.py:Importer.run,results/verification_adjusted/verification_import_audit.json,pre_reconstruction_non_execution
main_blind_slots,30,count,frozen_mechanical_delegated_adjudication,data/adjudication/main-study-20260925/,350a0e7dcedbb74ccad2472c642318c87cc7d272f1b6c88186a1419dc858ea5a,src/paper2/verification_layer.py:Importer.run,results/verification_adjusted/verification_import_audit.json,runs
frozen_majority_successes_among_attempted,0,count,frozen_mechanical_delegated_adjudication,data/adjudication/main-study-20260925/,350a0e7dcedbb74ccad2472c642318c87cc7d272f1b6c88186a1419dc858ea5a,src/paper2/verification_layer.py:Importer.run,results/verification_adjusted/verification_import_audit.json,conditional_numerator
adjusted_majority_successes_among_attempted,1,count,verification_adjusted_ai_review_provisional_not_investigator_signed,data/adjudication/main-study-20260925/,350a0e7dcedbb74ccad2472c642318c87cc7d272f1b6c88186a1419dc858ea5a,src/paper2/verification_layer.py:Importer.run,results/verification_adjusted/verification_import_audit.json,conditional_numerator
frozen_end_to_end_successes_100,0,count,frozen_mechanical_delegated_adjudication,data/adjudication/main-study-20260925/,350a0e7dcedbb74ccad2472c642318c87cc7d272f1b6c88186a1419dc858ea5a,src/paper2/verification_layer.py:Importer.run,results/verification_adjusted/verification_import_audit.json,observed_yield_numerator
adjusted_end_to_end_successes_100,1,count,verification_adjusted_ai_review_provisional_not_investigator_signed,data/adjudication/main-study-20260925/,350a0e7dcedbb74ccad2472c642318c87cc7d272f1b6c88186a1419dc858ea5a,src/paper2/verification_layer.py:Importer.run,results/verification_adjusted/verification_import_audit.json,observed_yield_numerator
A_slots_reviewed,30,count,verification_adjusted_ai_review_provisional_not_investigator_signed,data/adjudication/main-study-20260925/,350a0e7dcedbb74ccad2472c642318c87cc7d272f1b6c88186a1419dc858ea5a,src/paper2/verification_layer.py:Importer.run,results/verification_adjusted/verification_import_audit.json,review_scope
A_slots_mechanical_supported,27,count,verification_adjusted_ai_review_provisional_not_investigator_signed,data/adjudication/main-study-20260925/,350a0e7dcedbb74ccad2472c642318c87cc7d272f1b6c88186a1419dc858ea5a,src/paper2/verification_layer.py:Importer.run,results/verification_adjusted/verification_import_audit.json,review_result
A_slots_proposed_changed,3,count,verification_adjusted_ai_review_provisional_not_investigator_signed,data/adjudication/main-study-20260925/,350a0e7dcedbb74ccad2472c642318c87cc7d272f1b6c88186a1419dc858ea5a,src/paper2/verification_layer.py:Importer.run,results/verification_adjusted/verification_import_audit.json,review_result
B_papers_reviewed,90,count,verification_adjusted_ai_review_provisional_not_investigator_signed,data/adjudication/main-study-20260925/,350a0e7dcedbb74ccad2472c642318c87cc7d272f1b6c88186a1419dc858ea5a,src/paper2/verification_layer.py:Importer.run,results/verification_adjusted/verification_import_audit.json,review_scope
B_confirmed,81,count,verification_adjusted_ai_review_provisional_not_investigator_signed,data/adjudication/main-study-20260925/,350a0e7dcedbb74ccad2472c642318c87cc7d272f1b6c88186a1419dc858ea5a,src/paper2/verification_layer.py:Importer.run,results/verification_adjusted/verification_import_audit.json,review_result
B_state_incorrect,7,count,verification_adjusted_ai_review_provisional_not_investigator_signed,data/adjudication/main-study-20260925/,350a0e7dcedbb74ccad2472c642318c87cc7d272f1b6c88186a1419dc858ea5a,src/paper2/verification_layer.py:Importer.run,results/verification_adjusted/verification_import_audit.json,review_result
B_unknown,2,count,verification_adjusted_ai_review_provisional_not_investigator_signed,data/adjudication/main-study-20260925/,350a0e7dcedbb74ccad2472c642318c87cc7d272f1b6c88186a1419dc858ea5a,src/paper2/verification_layer.py:Importer.run,results/verification_adjusted/verification_import_audit.json,review_result
B_adjusted_specifiable_runnable_not_executed,5,count,verification_adjusted_ai_review_provisional_not_investigator_signed,data/adjudication/main-study-20260925/,350a0e7dcedbb74ccad2472c642318c87cc7d272f1b6c88186a1419dc858ea5a,src/paper2/verification_layer.py:Importer.run,results/verification_adjusted/verification_import_audit.json,attrition_interpretation_only
leakage_flags_total,10,count,frozen_mechanical_delegated_adjudication,data/adjudication/main-study-20260925/,350a0e7dcedbb74ccad2472c642318c87cc7d272f1b6c88186a1419dc858ea5a,src/paper2/verification_layer.py:Importer.run,results/verification_adjusted/verification_import_audit.json,detector_audit
leakage_flags_confirmed,1,count,verification_adjusted_ai_review_provisional_not_investigator_signed,data/adjudication/main-study-20260925/,350a0e7dcedbb74ccad2472c642318c87cc7d272f1b6c88186a1419dc858ea5a,src/paper2/verification_layer.py:Importer.run,results/verification_adjusted/verification_import_audit.json,detector_audit
leakage_flags_corrected,7,count,verification_adjusted_ai_review_provisional_not_investigator_signed,data/adjudication/main-study-20260925/,350a0e7dcedbb74ccad2472c642318c87cc7d272f1b6c88186a1419dc858ea5a,src/paper2/verification_layer.py:Importer.run,results/verification_adjusted/verification_import_audit.json,detector_audit
leakage_flags_unresolved,2,count,verification_adjusted_ai_review_provisional_not_investigator_signed,data/adjudication/main-study-20260925/,350a0e7dcedbb74ccad2472c642318c87cc7d272f1b6c88186a1419dc858ea5a,src/paper2/verification_layer.py:Importer.run,results/verification_adjusted/verification_import_audit.json,detector_audit
C_records_reviewed,25,count,verification_adjusted_ai_review_provisional_not_investigator_signed,data/adjudication/main-study-20260925/,350a0e7dcedbb74ccad2472c642318c87cc7d272f1b6c88186a1419dc858ea5a,src/paper2/verification_layer.py:Importer.run,results/verification_adjusted/verification_import_audit.json,historical_pilot_layer
C_confirmed,25,count,verification_adjusted_ai_review_provisional_not_investigator_signed,data/adjudication/main-study-20260925/,350a0e7dcedbb74ccad2472c642318c87cc7d272f1b6c88186a1419dc858ea5a,src/paper2/verification_layer.py:Importer.run,results/verification_adjusted/verification_import_audit.json,historical_pilot_layer
E_dimension_rows,130,count,verification_adjusted_ai_review_provisional_not_investigator_signed,data/adjudication/main-study-20260925/,350a0e7dcedbb74ccad2472c642318c87cc7d272f1b6c88186a1419dc858ea5a,src/paper2/verification_layer.py:Importer.run,results/verification_adjusted/verification_import_audit.json,descriptive_reveal
E_proposed_corrections,5,count,verification_adjusted_ai_review_provisional_not_investigator_signed,data/adjudication/main-study-20260925/,350a0e7dcedbb74ccad2472c642318c87cc7d272f1b6c88186a1419dc858ea5a,src/paper2/verification_layer.py:Importer.run,results/verification_adjusted/verification_import_audit.json,descriptive_reveal
E_papers_with_code_route,3,count,frozen_mechanical_delegated_adjudication,data/adjudication/main-study-20260925/,350a0e7dcedbb74ccad2472c642318c87cc7d272f1b6c88186a1419dc858ea5a,src/paper2/verification_layer.py:Importer.run,results/verification_adjusted/verification_import_audit.json,descriptive_reveal
evidence_refs_total,698,count,verification_adjusted_ai_review_provisional_not_investigator_signed,data/adjudication/main-study-20260925/,350a0e7dcedbb74ccad2472c642318c87cc7d272f1b6c88186a1419dc858ea5a,src/paper2/verification_layer.py:Importer.run,results/verification_adjusted/verification_import_audit.json,import_audit
evidence_refs_unresolved,0,count,verification_adjusted_ai_review_provisional_not_investigator_signed,data/adjudication/main-study-20260925/,350a0e7dcedbb74ccad2472c642318c87cc7d272f1b6c88186a1419dc858ea5a,src/paper2/verification_layer.py:Importer.run,results/verification_adjusted/verification_import_audit.json,import_audit
D_human_validation_cases_completed,0,count,pending_external_not_performed,data/adjudication/main-study-20260925/,350a0e7dcedbb74ccad2472c642318c87cc7d272f1b6c88186a1419dc858ea5a,src/paper2/verification_layer.py:Importer.run,results/verification_adjusted/verification_import_audit.json,section_D_pending
