paper_id,run_id,L1_specification,L2_implementation,L3_execution,L4_numerical,L5_conclusion,failure_code,clean,evidence_id
PMID:33072212,33072212-slot1,no,yes,not_established,not_established,not_assessable,F13,true,main-run-20260925/runs/PMID_33072212/slot-1
PMID:33072212,33072212-slot2,no,yes,not_established,not_established,not_assessable,F13,true,main-run-20260925/runs/PMID_33072212/slot-2
PMID:33072212,33072212-slot3,no,yes,not_established,not_established,not_assessable,F13,true,main-run-20260925/runs/PMID_33072212/slot-3
PMID:34495251,34495251-slot1,yes,not_reached,not_reached,not_established,not_assessable,,true,main-run-20260925/runs/PMID_34495251/slot-1
PMID:34495251,34495251-slot2,no,yes,not_established,not_established,not_assessable,F13,true,main-run-20260925/runs/PMID_34495251/slot-2
PMID:34495251,34495251-slot3,no,yes,not_established,not_established,not_assessable,F13,true,main-run-20260925/runs/PMID_34495251/slot-3
PMID:34731224,34731224-slot1,yes,yes,not_established,not_established,not_assessable,F01;F03,true,main-run-20260925/runs/PMID_34731224/slot-1
PMID:34731224,34731224-slot2,yes,yes,not_established,not_established,not_assessable,F01;F03,true,main-run-20260925/runs/PMID_34731224/slot-2
PMID:34731224,34731224-slot3,no,yes,not_established,not_established,not_assessable,F13,true,main-run-20260925/runs/PMID_34731224/slot-3
PMID:39830509,39830509-slot1,no,yes,not_established,not_established,not_assessable,F13,true,main-run-20260925/runs/PMID_39830509/slot-1
PMID:39830509,39830509-slot2,yes,yes,not_established,not_established,not_assessable,F15,true,main-run-20260925/runs/PMID_39830509/slot-2
PMID:39830509,39830509-slot3,no,yes,not_established,not_established,not_assessable,F13,true,main-run-20260925/runs/PMID_39830509/slot-3
PMID:39895948,39895948-slot1,no,yes,not_established,not_established,not_assessable,F13,true,main-run-20260925/runs/PMID_39895948/slot-1
PMID:39895948,39895948-slot2,no,yes,not_established,not_established,not_assessable,F13,true,main-run-20260925/runs/PMID_39895948/slot-2
PMID:39895948,39895948-slot3,yes,yes,yes,no,not_assessable,F20,true,main-run-20260925/runs/PMID_39895948/slot-3
PMID:40956867,40956867-slot1,no,yes,not_established,not_established,not_assessable,F13,true,main-run-20260925/runs/PMID_40956867/slot-1
PMID:40956867,40956867-slot2,no,yes,not_established,not_established,not_assessable,F13,true,main-run-20260925/runs/PMID_40956867/slot-2
PMID:40956867,40956867-slot3,no,yes,not_established,not_established,not_assessable,F13,true,main-run-20260925/runs/PMID_40956867/slot-3
PMID:41091855,41091855-slot1,no,yes,not_established,not_established,not_assessable,F13,true,main-run-20260925/runs/PMID_41091855/slot-1
PMID:41091855,41091855-slot2,no,yes,not_established,not_established,not_assessable,F13,true,main-run-20260925/runs/PMID_41091855/slot-2
PMID:41091855,41091855-slot3,no,yes,not_established,not_established,not_assessable,F15,true,main-run-20260925/runs/PMID_41091855/slot-3
PMID:41472739,41472739-slot1,yes,yes,not_established,not_established,not_assessable,F01,true,main-run-20260925/runs/PMID_41472739/slot-1
PMID:41472739,41472739-slot2,yes,yes,not_established,not_established,not_assessable,F15;F01,true,main-run-20260925/runs/PMID_41472739/slot-2
PMID:41472739,41472739-slot3,yes,yes,not_established,not_established,not_assessable,F01,true,main-run-20260925/runs/PMID_41472739/slot-3
PMID:41563087,41563087-slot1,no,yes,not_established,not_established,not_assessable,F13,true,main-run-20260925/runs/PMID_41563087/slot-1
PMID:41563087,41563087-slot2,yes,yes,yes,no,not_assessable,F20,true,main-run-20260925/runs/PMID_41563087/slot-2
PMID:41563087,41563087-slot3,yes,yes,yes,yes,pending_human_adjudication,,true,main-run-20260925/runs/PMID_41563087/slot-3
PMID:41677189,41677189-slot1,no,yes,not_established,not_established,not_assessable,F13,true,main-run-20260925/runs/PMID_41677189/slot-1
PMID:41677189,41677189-slot2,no,yes,not_established,not_established,not_assessable,F13,true,main-run-20260925/runs/PMID_41677189/slot-2
PMID:41677189,41677189-slot3,no,yes,not_established,not_established,not_assessable,F13,true,main-run-20260925/runs/PMID_41677189/slot-3
